model,naturalKey,sourceFile,sourceRowRef,status,reason
SessionProgramLink,2025-26 (Dec-Jan) Question Papers::ba-programme::,src/data/exam-sessions-source.ts,session=2025-26 (Dec-Jan) Question Papers row=0,unresolved_fk,missing parent: Program(slug=ba-programme)
SessionProgramLink,2025-26 (Dec-Jan) Question Papers::bsc-prog-life-sciencesphy-sc::,src/data/exam-sessions-source.ts,session=2025-26 (Dec-Jan) Question Papers row=10,unresolved_fk,missing parent: Program(slug=bsc-prog-life-sciencesphy-sc)
SessionProgramLink,2025-26 (Dec-Jan) Question Papers::bscprog-physical-sciencelife-science::,src/data/exam-sessions-source.ts,session=2025-26 (Dec-Jan) Question Papers row=11,unresolved_fk,missing parent: Program(slug=bscprog-physical-sciencelife-science)
SessionProgramLink,2025-26 (Dec-Jan) Question Papers::question-papers-mix-research-methodology::,src/data/exam-sessions-source.ts,session=2025-26 (Dec-Jan) Question Papers row=17,unresolved_fk,missing parent: Program(slug=question-papers-mix-research-methodology)
SessionProgramLink,2025-26 (Dec-Jan) Question Papers::all-common-prog-group-aec::,src/data/exam-sessions-source.ts,session=2025-26 (Dec-Jan) Question Papers row=21,unresolved_fk,missing parent: Program(slug=all-common-prog-group-aec)
SessionProgramLink,2025-26 (Dec-Jan) Question Papers::babsc-prog::,src/data/exam-sessions-source.ts,session=2025-26 (Dec-Jan) Question Papers row=22,unresolved_fk,missing parent: Program(slug=babsc-prog)
SessionProgramLink,2025 (May-June-July) Question Papers::ba-programme::,src/data/exam-sessions-source.ts,session=2025 (May-June-July) Question Papers row=0,unresolved_fk,missing parent: Program(slug=ba-programme)
SessionProgramLink,2025 (May-June-July) Question Papers::bsc-life-sciencesphy-sc::,src/data/exam-sessions-source.ts,session=2025 (May-June-July) Question Papers row=10,unresolved_fk,missing parent: Program(slug=bsc-life-sciencesphy-sc)
SessionProgramLink,2025 (May-June-July) Question Papers::bscprog-physical-scienceba::,src/data/exam-sessions-source.ts,session=2025 (May-June-July) Question Papers row=11,unresolved_fk,missing parent: Program(slug=bscprog-physical-scienceba)
SessionProgramLink,2025 (May-June-July) Question Papers::question-papers-mixall-dates-folder::,src/data/exam-sessions-source.ts,session=2025 (May-June-July) Question Papers row=17,unresolved_fk,missing parent: Program(slug=question-papers-mixall-dates-folder)
SessionProgramLink,2025 (May-June-July) Question Papers::all-common-prog-group::,src/data/exam-sessions-source.ts,session=2025 (May-June-July) Question Papers row=22,unresolved_fk,missing parent: Program(slug=all-common-prog-group)
SessionProgramLink,2024-25 (Dec-Jan-Feb) Question Papers::ba-programme::,src/data/exam-sessions-source.ts,session=2024-25 (Dec-Jan-Feb) Question Papers row=0,unresolved_fk,missing parent: Program(slug=ba-programme)
SessionProgramLink,2024-25 (Dec-Jan-Feb) Question Papers::bsc-life-sciencesphy-sc::,src/data/exam-sessions-source.ts,session=2024-25 (Dec-Jan-Feb) Question Papers row=10,unresolved_fk,missing parent: Program(slug=bsc-life-sciencesphy-sc)
SessionProgramLink,2024-25 (Dec-Jan-Feb) Question Papers::all-common-group-programme::,src/data/exam-sessions-source.ts,session=2024-25 (Dec-Jan-Feb) Question Papers row=20,unresolved_fk,missing parent: Program(slug=all-common-group-programme)
SessionProgramLink,2024-25 (Dec-Jan-Feb) Question Papers::bsc-phy-sc::,src/data/exam-sessions-source.ts,session=2024-25 (Dec-Jan-Feb) Question Papers row=21,unresolved_fk,missing parent: Program(slug=bsc-phy-sc)
SessionProgramLink,2024 (May-June-July) Question Papers::ba-programme::,src/data/exam-sessions-source.ts,session=2024 (May-June-July) Question Papers row=0,unresolved_fk,missing parent: Program(slug=ba-programme)
SessionProgramLink,2024 (May-June-July) Question Papers::bsc-life-sciencesphy-sc::,src/data/exam-sessions-source.ts,session=2024 (May-June-July) Question Papers row=10,unresolved_fk,missing parent: Program(slug=bsc-life-sciencesphy-sc)
SessionProgramLink,2024 (May-June-July) Question Papers::bscprog-physical-science::,src/data/exam-sessions-source.ts,session=2024 (May-June-July) Question Papers row=11,unresolved_fk,missing parent: Program(slug=bscprog-physical-science)
SessionProgramLink,2024 (May-June-July) Question Papers::bsc-hprog::,src/data/exam-sessions-source.ts,session=2024 (May-June-July) Question Papers row=17,unresolved_fk,missing parent: Program(slug=bsc-hprog)
SessionProgramLink,2023-24 (Dec-Feb) Question Papers::ba-programme::,src/data/exam-sessions-source.ts,session=2023-24 (Dec-Feb) Question Papers row=0,unresolved_fk,missing parent: Program(slug=ba-programme)
SessionProgramLink,2023-24 (Dec-Feb) Question Papers::bsc-life-sciencesphy-sc::,src/data/exam-sessions-source.ts,session=2023-24 (Dec-Feb) Question Papers row=10,unresolved_fk,missing parent: Program(slug=bsc-life-sciencesphy-sc)
SessionProgramLink,2023-24 (Dec-Feb) Question Papers::all-common-group-programme::,src/data/exam-sessions-source.ts,session=2023-24 (Dec-Feb) Question Papers row=20,unresolved_fk,missing parent: Program(slug=all-common-group-programme)
SessionProgramLink,2023 (July) Question Papers — 1st Year::ba-programme::,src/data/exam-sessions-source.ts,session=2023 (July) Question Papers — 1st Year row=0,unresolved_fk,missing parent: Program(slug=ba-programme)
SessionProgramLink,2023 (July) Question Papers — 1st Year::bsc-life-sciencesphy-sc::,src/data/exam-sessions-source.ts,session=2023 (July) Question Papers — 1st Year row=3,unresolved_fk,missing parent: Program(slug=bsc-life-sciencesphy-sc)
SessionProgramLink,2023 (May-June) Question Papers — 2nd & 3rd Year::ba-programme::,src/data/exam-sessions-source.ts,session=2023 (May-June) Question Papers — 2nd & 3rd Year row=0,unresolved_fk,missing parent: Program(slug=ba-programme)
SessionProgramLink,2023 (May-June) Question Papers — 2nd & 3rd Year::bsc-life-sciencesphy-sc::,src/data/exam-sessions-source.ts,session=2023 (May-June) Question Papers — 2nd & 3rd Year row=10,unresolved_fk,missing parent: Program(slug=bsc-life-sciencesphy-sc)
SessionProgramLink,2023 (Feb-March) Question Papers — 1st Year::ba-programme::,src/data/exam-sessions-source.ts,session=2023 (Feb-March) Question Papers — 1st Year row=0,unresolved_fk,missing parent: Program(slug=ba-programme)
SessionProgramLink,2023 (Feb-March) Question Papers — 1st Year::ba-h-all-subjects::,src/data/exam-sessions-source.ts,session=2023 (Feb-March) Question Papers — 1st Year row=1,unresolved_fk,missing parent: Program(slug=ba-h-all-subjects)
SessionProgramLink,2023 (Feb-March) Question Papers — 1st Year::bsc-life-sciencesphy-sc::,src/data/exam-sessions-source.ts,session=2023 (Feb-March) Question Papers — 1st Year row=4,unresolved_fk,missing parent: Program(slug=bsc-life-sciencesphy-sc)
SessionProgramLink,2023 (Feb-March) Question Papers — 1st Year::bsc-h-all-subjects::,src/data/exam-sessions-source.ts,session=2023 (Feb-March) Question Papers — 1st Year row=5,unresolved_fk,missing parent: Program(slug=bsc-h-all-subjects)
SessionProgramLink,2022 (Nov-Dec) Question Papers::ba-programme::,src/data/exam-sessions-source.ts,session=2022 (Nov-Dec) Question Papers row=0,unresolved_fk,missing parent: Program(slug=ba-programme)
SessionProgramLink,2022 (Nov-Dec) Question Papers::ba-h-all-subjects::,src/data/exam-sessions-source.ts,session=2022 (Nov-Dec) Question Papers row=1,unresolved_fk,missing parent: Program(slug=ba-h-all-subjects)
SessionProgramLink,2022 (Nov-Dec) Question Papers::bsc-life-sciencesphy-sc::,src/data/exam-sessions-source.ts,session=2022 (Nov-Dec) Question Papers row=4,unresolved_fk,missing parent: Program(slug=bsc-life-sciencesphy-sc)
SessionProgramLink,2022 (Nov-Dec) Question Papers::bsc-h-all-subjects::,src/data/exam-sessions-source.ts,session=2022 (Nov-Dec) Question Papers row=5,unresolved_fk,missing parent: Program(slug=bsc-h-all-subjects)
