naturalKey,status,reason,originalSubjectName,fileUrl
migration-export:cmrogwcu50003rppu2epwcyee,unresolved_subject,"No current Subject matches ""Financial Management for Beginners (Eco. GE)"" (old programme ""Common Pool (VAC / AEC / SEC)"") — not found in the mapped programme(s), the elective pools, or anywhere else in the catalogue, including a conservative fuzzy pass.",Financial Management for Beginners (Eco. GE),/uploads/pyqs/0ab1ff23-8f81-4789-a354-520b9557c683-Financial_Management_for_Beginners_Eco_GE_Sem_II_PYQ_2.pdf
migration-export:cmrogwcu70005rppui96mfnnr,unresolved_subject,"No current Subject matches ""Financial Literacy"" (old programme ""Common Pool (VAC / AEC / SEC)"") — not found in the mapped programme(s), the elective pools, or anywhere else in the catalogue, including a conservative fuzzy pass.",Financial Literacy,/uploads/pyqs/236fe803-bc86-4c1a-9785-e31aa8582067-Financial_Literacy_4393.pdf
migration-export:cmrogwcu80007rppu96io6btm,unresolved_subject,"No match within the mapped/pool programme(s); a global fallback search found 2 Subjects with this name across different programmes (bcom-p, bcom-hons) — ambiguous, never auto-picked.",Finance for Everyone,/uploads/pyqs/362a12d5-7737-44c5-843c-b463760890b2-Finance_for_Everyone_SEC_PYQ_3.pdf
migration-export:cmrogwcu90009rppui79p6zyo,unresolved_subject,"No current Subject matches ""Yoga Philosophy & Practice"" (old programme ""Common Pool (VAC / AEC / SEC)"") — not found in the mapped programme(s), the elective pools, or anywhere else in the catalogue, including a conservative fuzzy pass.",Yoga Philosophy & Practice,/uploads/pyqs/37ab5c06-8ace-4101-b258-267a8f99d5ca-Yoga_Philosophy_Practice_4321.pdf
migration-export:cmrogwcub000brppumtc2vxqo,unresolved_subject,"No current Subject matches ""Yoga Philosophy & Practice"" (old programme ""Common Pool (VAC / AEC / SEC)"") — not found in the mapped programme(s), the elective pools, or anywhere else in the catalogue, including a conservative fuzzy pass.",Yoga Philosophy & Practice,/uploads/pyqs/3b000abc-6dcc-415d-a83f-e72ba2f059b8-Yoga_Philosophy_Practice_4378.pdf
migration-export:cmrogwcuc000drppup9m9af0k,unresolved_subject,"No current Subject matches ""Yoga Philosophy & Practice"" (old programme ""Common Pool (VAC / AEC / SEC)"") — not found in the mapped programme(s), the elective pools, or anywhere else in the catalogue, including a conservative fuzzy pass.",Yoga Philosophy & Practice,/uploads/pyqs/408bf7bd-9c07-4ddb-af52-0fbe536ed096-Yoga_Philosophy_Practice_4350.pdf
migration-export:cmrogwcud000frppu3orgsl1t,unresolved_subject,"No match within the mapped/pool programme(s); a global fallback search found 2 Subjects with this name across different programmes (bcom-p, bcom-hons) — ambiguous, never auto-picked.",Finance for Everyone,/uploads/pyqs/6457bf17-1a15-4f7d-a440-e68831e7b110-Finance_for_Everyone_SEC_PYQ_2.pdf
migration-export:cmrogwcue000hrppumetb88xe,unresolved_subject,"No match within the mapped/pool programme(s); a global fallback search found 2 Subjects with this name across different programmes (bcom-p, bcom-hons) — ambiguous, never auto-picked.",Finance for Everyone,/uploads/pyqs/72f8f8a1-74ec-482a-a585-c3781c8e4b1f-Finance_for_Everyone_SEC_PYQ_1.pdf
migration-export:cmrogwcuf000jrppuvked1mex,unresolved_subject,"No current Subject matches ""Art of Being Happy"" (old programme ""Common Pool (VAC / AEC / SEC)"") — not found in the mapped programme(s), the elective pools, or anywhere else in the catalogue, including a conservative fuzzy pass.",Art of Being Happy,/uploads/pyqs/8bba77d1-db51-4786-ac6b-cf1d9182a2b0-Art_of_Being_Happy_4375.pdf
migration-export:cmrogwcuh000lrppuhq7y8td2,unresolved_subject,"No current Subject matches ""Art of Being Happy"" (old programme ""Common Pool (VAC / AEC / SEC)"") — not found in the mapped programme(s), the elective pools, or anywhere else in the catalogue, including a conservative fuzzy pass.",Art of Being Happy,/uploads/pyqs/8f61df30-2158-40fd-960f-a33c26b38a90-Art_of_Being_Happy_4402.pdf
migration-export:cmrogwcui000nrppuihcw6k5c,unresolved_subject,"No current Subject matches ""Financial Management for Beginners (Eco. GE)"" (old programme ""Common Pool (VAC / AEC / SEC)"") — not found in the mapped programme(s), the elective pools, or anywhere else in the catalogue, including a conservative fuzzy pass.",Financial Management for Beginners (Eco. GE),/uploads/pyqs/91e38923-4a11-4a1d-bbea-5696e8ba54da-Financial_Management_for_Beginners_Eco_GE_Sem_II_PYQ_3.pdf
migration-export:cmrogwcuj000prppuoda4p7nx,unresolved_subject,"No current Subject matches ""Financial Management for Beginners (Eco. GE)"" (old programme ""Common Pool (VAC / AEC / SEC)"") — not found in the mapped programme(s), the elective pools, or anywhere else in the catalogue, including a conservative fuzzy pass.",Financial Management for Beginners (Eco. GE),/uploads/pyqs/99dda5e8-7e61-4d31-b946-f53613eeae40-Financial_Management_for_Beginners_Eco_GE_Sem_II_PYQ_1.pdf
migration-export:cmrogwcuk000rrppu6m7jsche,unresolved_subject,"No current Subject matches ""Financial Literacy"" (old programme ""Common Pool (VAC / AEC / SEC)"") — not found in the mapped programme(s), the elective pools, or anywhere else in the catalogue, including a conservative fuzzy pass.",Financial Literacy,/uploads/pyqs/c23d835b-699e-431f-9291-03abb62054e6-Financial_Literacy_4336.pdf
migration-export:cmrogwcul000trppubhp9293y,unresolved_subject,"No current Subject matches ""Financial Literacy"" (old programme ""Common Pool (VAC / AEC / SEC)"") — not found in the mapped programme(s), the elective pools, or anywhere else in the catalogue, including a conservative fuzzy pass.",Financial Literacy,/uploads/pyqs/c387f671-21eb-4ad8-8a5c-9c039128106b-Financial_Literacy_4366.pdf
migration-export:cmrogwcun000vrppucgdc0116,unresolved_subject,"No match within the mapped/pool programme(s); a global fallback search found 2 Subjects with this name across different programmes (bcom-p, bcom-hons) — ambiguous, never auto-picked.",Finance for Everyone,/uploads/pyqs/cf23d62c-298e-47e4-a5ca-80a53d5816d1-Finance_for_Everyone_SEC_PYQ_4.pdf
migration-export:cmrogwcuo000xrppuhsm9eo54,unresolved_subject,"No current Subject matches ""Financial Literacy"" (old programme ""Common Pool (VAC / AEC / SEC)"") — not found in the mapped programme(s), the elective pools, or anywhere else in the catalogue, including a conservative fuzzy pass.",Financial Literacy,/uploads/pyqs/e9de7fae-92ed-43ab-ab03-701144283c4a-Financial_Literacy_4307.pdf
migration-export:cmrogwcup000zrppu8z5xj6mh,unresolved_subject,"No current Subject matches ""Art of Being Happy"" (old programme ""Common Pool (VAC / AEC / SEC)"") — not found in the mapped programme(s), the elective pools, or anywhere else in the catalogue, including a conservative fuzzy pass.",Art of Being Happy,/uploads/pyqs/f2d53378-7dbd-483a-8d0b-8c55425415bb-Art_of_Being_Happy_4345.pdf
migration-export:cmrogwcuq0011rppuvs2nz6mx,unresolved_subject,"No current Subject matches ""Art of Being Happy"" (old programme ""Common Pool (VAC / AEC / SEC)"") — not found in the mapped programme(s), the elective pools, or anywhere else in the catalogue, including a conservative fuzzy pass.",Art of Being Happy,/uploads/pyqs/f979ac50-0e64-4686-bf92-c0d0956ca396-Art_of_Being_Happy_4316.pdf
migration-export:cmroo5pla000crpxzig9kgkrw,unresolved_subject,"No current Subject matches ""BC 3.4(b) — Cyber Crimes & Laws"" (old programme ""B.Com (Hons) — DU Official Syllabus"") — not found in the mapped programme(s), the elective pools, or anywhere else in the catalogue, including a conservative fuzzy pass.",BC 3.4(b) — Cyber Crimes & Laws,/uploads/pyqs/8df160f3-7d3d-495e-9585-2b1de73d680c-Information_Security_Cyber_Laws_2124.pdf
migration-export:cmroo5qb9000grpxzyy516mog,unresolved_subject,"No current Subject matches ""Hindi Nibandh aur Anya Gadya Vidhayein"" (old programme ""B.A. (Hons.) Hindi"") — not found in the mapped programme(s), the elective pools, or anywhere else in the catalogue, including a conservative fuzzy pass.",Hindi Nibandh aur Anya Gadya Vidhayein,/uploads/pyqs/f7ca1b86-7319-4a2e-bd13-07b05da51a32-Anya_Gadya_Vidhayein_2296.pdf
migration-export:cmroo5rwu000orpxzazrbzykn,unresolved_subject,"No current Subject matches ""History of Modern Europe-I (C 11) / History of India-VII (C 12)"" (old programme ""B.A. (Hons.) History"") — not found in the mapped programme(s), the elective pools, or anywhere else in the catalogue, including a conservative fuzzy pass.",History of Modern Europe-I (C 11) / History of India-VII (C 12),/uploads/pyqs/518cf212-e7ad-4b97-9f43-b0e20d5d9496-History_of_Europe_2231.pdf
migration-export:cmroo5spo000trpxzx4fhvb1q,unresolved_subject,"No current Subject matches ""History of India-I (C 1)"" (old programme ""B.A. (Hons.) History"") — not found in the mapped programme(s), the elective pools, or anywhere else in the catalogue, including a conservative fuzzy pass.",History of India-I (C 1),/uploads/pyqs/393ddaeb-4399-4adc-9be6-e7ad76de36f4-History_of_India_from_1700-1950_2297.pdf
migration-export:cmroo5v0q0015rpxz9xjqndon,unresolved_subject,"No current Subject matches ""History of India-I (C 1)"" (old programme ""B.A. (Hons.) History"") — not found in the mapped programme(s), the elective pools, or anywhere else in the catalogue, including a conservative fuzzy pass.",History of India-I (C 1),/uploads/pyqs/3bd9f117-7a44-4258-9f3f-0dc721f81c0b-History_of_India_4962.pdf
migration-export:cmroo5w9k001brpxz1ilenaz3,unresolved_subject,"No current Subject matches ""Hindi Kavita (Ritikal)"" (old programme ""B.A. (Hons.) Hindi"") — not found in the mapped programme(s), the elective pools, or anywhere else in the catalogue, including a conservative fuzzy pass.",Hindi Kavita (Ritikal),/uploads/pyqs/a46d8e47-ad0b-426f-a011-bafa4fc5733a-Hindi_Kavita_4941.pdf
migration-export:cmroo5wgo001drpxzwg1d6nr1,unresolved_subject,"No current Subject matches ""History of India-I (C 1)"" (old programme ""B.A. (Hons.) History"") — not found in the mapped programme(s), the elective pools, or anywhere else in the catalogue, including a conservative fuzzy pass.",History of India-I (C 1),/uploads/pyqs/9acf0442-ee2a-4294-9ffc-4a4ad5888c38-History_of_India_from_1700-1950_2359.pdf
migration-export:cmroo5wsz001frpxzj3kktyvc,unresolved_subject,"No current Subject matches ""History of India-I (C 1)"" (old programme ""B.A. (Hons.) History"") — not found in the mapped programme(s), the elective pools, or anywhere else in the catalogue, including a conservative fuzzy pass.",History of India-I (C 1),/uploads/pyqs/38148e7b-d6d1-4582-acb0-10138615cce2-History_of_India_1550-1700_4899.pdf
migration-export:cmroo5y18001nrpxzrtb2oqp3,unresolved_subject,"No current Subject matches ""History of India-I (C 1)"" (old programme ""B.A. (Hons.) History"") — not found in the mapped programme(s), the elective pools, or anywhere else in the catalogue, including a conservative fuzzy pass.",History of India-I (C 1),/uploads/pyqs/c907c478-c6f8-4689-a3ac-1e11938b0aef-History_of_India_1550-1700_4878.pdf
migration-export:cmroo5z5m001urpxzh4fkkt7a,unresolved_subject,"No current Subject matches ""History of India-I (C 1)"" (old programme ""B.A. (Hons.) History"") — not found in the mapped programme(s), the elective pools, or anywhere else in the catalogue, including a conservative fuzzy pass.",History of India-I (C 1),/uploads/pyqs/722d4fd4-0abc-4dfb-bc1e-5d698623678b-History_of_India_4942.pdf
migration-export:cmrota9ub002prpxzu3i0pzzm,unresolved_subject,"No current Subject matches ""Hindi Bhasha: Vyavaharik Vyakaran"" (old programme ""B.A. (Hons.) Hindi"") — not found in the mapped programme(s), the elective pools, or anywhere else in the catalogue, including a conservative fuzzy pass.",Hindi Bhasha: Vyavaharik Vyakaran,/uploads/pyqs/2a605465-7d76-4f7a-84b9-64ba245f1d59-Hindi_Bhasha_aur_Sahitya_ka_Udbhav_Aur_Vikas.pdf
migration-export:cmrovtzb60008rpsr6x33b89i,unresolved_subject,"No current Subject matches ""Fundamental of Investments"" (old programme ""Common Pool (VAC / AEC / SEC)"") — not found in the mapped programme(s), the elective pools, or anywhere else in the catalogue, including a conservative fuzzy pass.",Fundamental of Investments,/uploads/pyqs/b027c049-5031-4916-93cf-05a417617ac8-Fundamental_of_Investments.pdf
migration-export:cmrovv8nc000nrpsr2ozfuddv,unresolved_subject,"No current Subject matches ""HC11 — Mathematical Methods for Economics I"" (old programme ""B.A. (Hons.) Economics"") — not found in the mapped programme(s), the elective pools, or anywhere else in the catalogue, including a conservative fuzzy pass.",HC11 — Mathematical Methods for Economics I,/uploads/pyqs/7f531cab-6bb7-4de2-981d-6d0d768c2826-Mathematical_Methods_12271202_OC.pdf
migration-export:cmrovvdni000rrpsrl6xl7e8s,unresolved_subject,"No current Subject matches ""HC11 — Mathematical Methods for Economics I"" (old programme ""B.A. (Hons.) Economics"") — not found in the mapped programme(s), the elective pools, or anywhere else in the catalogue, including a conservative fuzzy pass.",HC11 — Mathematical Methods for Economics I,/uploads/pyqs/6c36adfd-f66d-4ff3-b434-17665c3711f8-Mathematical_Methods_for_Economics_II_1608.pdf
migration-export:cmrovx8qv000wrpsrwye9w98l,unresolved_subject,"No current Subject matches ""Chemistry of Cosmetics and Hygiene Products"" (old programme ""Common Pool (VAC / AEC / SEC)"") — not found in the mapped programme(s), the elective pools, or anywhere else in the catalogue, including a conservative fuzzy pass.",Chemistry of Cosmetics and Hygiene Products,/uploads/pyqs/313e3b8f-ad3e-454d-851e-90ef717bbe30-Chemistry_of_Cosmetics_2825.pdf
migration-export:cmrovx9c50011rpsr6sug3r0g,unresolved_subject,"No current Subject matches ""Chemistry of Cosmetics and Hygiene Products"" (old programme ""Common Pool (VAC / AEC / SEC)"") — not found in the mapped programme(s), the elective pools, or anywhere else in the catalogue, including a conservative fuzzy pass.",Chemistry of Cosmetics and Hygiene Products,/uploads/pyqs/1f5b173c-eb5a-4e16-941c-4d972861b6af-Chemistry_of_Cosmetics_3277.pdf
migration-export:cmrovx9fe0013rpsrdcnfsrxd,unresolved_subject,"No current Subject matches ""Ring Theory and Linear Algebra I"" (old programme ""B.Sc. (Hons.) Mathematics"") — not found in the mapped programme(s), the elective pools, or anywhere else in the catalogue, including a conservative fuzzy pass.",Ring Theory and Linear Algebra I,/uploads/pyqs/9659447e-6e76-4899-8fa6-58838ebe49f1-Elementary_Linear_Algebra_4965.pdf
migration-export:cmrowickp0014rp3fg98eytmw,unresolved_subject,"No current Subject matches ""Rachnatmak Lekhan"" (old programme ""Common Pool (VAC / AEC / SEC)"") — not found in the mapped programme(s), the elective pools, or anywhere else in the catalogue, including a conservative fuzzy pass.",Rachnatmak Lekhan,/uploads/pyqs/9bc004ea-6614-48c5-8db3-e3efb73723ee-Jansanchar_aur_Rachnatmak_Lekhan_4539.pdf
migration-export:cmrowid490018rp3f1h838q3i,unresolved_subject,"No current Subject matches ""Hindi B  4470"" (old programme ""Common Pool (VAC / AEC / SEC)"") — not found in the mapped programme(s), the elective pools, or anywhere else in the catalogue, including a conservative fuzzy pass.",Hindi B  4470,/uploads/pyqs/32577974-081e-4fa1-b84a-5e6e050d5652-Hindi_B_4470.pdf
migration-export:cmrowidho001arp3frktx3yo8,unresolved_subject,"No match within the mapped/pool programme(s); a global fallback search found 6 Subjects with this name across different programmes (ba-prog-punjabi-as-major, ba-prog-punjabi-as-major, ba-prog-punjabi-as-minor, ba-prog-punjabi-as-minor, ba-hons-punjabi, ba-hons-punjabi) — ambiguous, never auto-picked.",Punjabi Bhasha da Mudhla Padhar,/uploads/pyqs/7154f0c6-eba0-41e8-b902-fdba0ddc0228-Punjabi_Bhasha_Da_Mudhla_Padhar_4458.pdf
migration-export:cmrowidpl001crp3f7ubun0h3,unresolved_subject,"No current Subject matches ""EVS   4451"" (old programme ""Common Pool (VAC / AEC / SEC)"") — not found in the mapped programme(s), the elective pools, or anywhere else in the catalogue, including a conservative fuzzy pass.",EVS   4451,/uploads/pyqs/320839bb-b42a-4896-b156-7869f0c6d874-EVS_667.pdf
migration-export:cmrowidws001erp3f6jdlzqxj,unresolved_subject,"No current Subject matches ""Hindi A  4469"" (old programme ""Common Pool (VAC / AEC / SEC)"") — not found in the mapped programme(s), the elective pools, or anywhere else in the catalogue, including a conservative fuzzy pass.",Hindi A  4469,/uploads/pyqs/80d9f890-973c-45cf-afec-a5c6bb59988b-Hindi_A_4469.pdf
migration-export:cmrowie94001grp3fc5z85yga,unresolved_subject,"No current Subject matches ""Journalistic Writing in Malayalam  4563"" (old programme ""Common Pool (VAC / AEC / SEC)"") — not found in the mapped programme(s), the elective pools, or anywhere else in the catalogue, including a conservative fuzzy pass.",Journalistic Writing in Malayalam  4563,/uploads/pyqs/8f2a831b-5c94-4788-b498-6960447f60b9-Journalistic_Writing_in_Malayalam_4563.pdf
migration-export:cmrowiegz001irp3fheqw4y8r,unresolved_subject,"No current Subject matches ""Translation and Interpretation in Odia"" (old programme ""Common Pool (VAC / AEC / SEC)"") — not found in the mapped programme(s), the elective pools, or anywhere else in the catalogue, including a conservative fuzzy pass.",Translation and Interpretation in Odia,/uploads/pyqs/65c2b00a-5b17-47df-bca8-c72137bf8fb0-Translation_Interpretation_in_Odia_4496.pdf
migration-export:cmrowiep6001krp3foi7p1tl3,unresolved_subject,"No current Subject matches ""Hindi  D  4456"" (old programme ""Common Pool (VAC / AEC / SEC)"") — not found in the mapped programme(s), the elective pools, or anywhere else in the catalogue, including a conservative fuzzy pass.",Hindi  D  4456,/uploads/pyqs/8f897641-272c-408e-89c2-fa844eb44e0c-Hindi-D_4472.pdf
migration-export:cmrowigdk001mrp3fgm138p5m,unresolved_subject,"No current Subject matches ""Jansanchar aur Rachnatmak   4521"" (old programme ""Common Pool (VAC / AEC / SEC)"") — not found in the mapped programme(s), the elective pools, or anywhere else in the catalogue, including a conservative fuzzy pass.",Jansanchar aur Rachnatmak   4521,/uploads/pyqs/672db2a9-5979-43d8-af48-7e7d9b18145b-Jansanchar_aur_Rachnatmak_4521.pdf
migration-export:cmrowigq1001orp3fh6jotpot,unresolved_subject,"No current Subject matches ""Journalistic Writing in Assamese   4555"" (old programme ""Common Pool (VAC / AEC / SEC)"") — not found in the mapped programme(s), the elective pools, or anywhere else in the catalogue, including a conservative fuzzy pass.",Journalistic Writing in Assamese   4555,/uploads/pyqs/f5a8b65f-3646-4f91-b909-761d4e42ed67-Journalistic_Writing_in_Assamese_4555.pdf
migration-export:cmrowigxk001qrp3f5gtg3ff0,unresolved_subject,"No current Subject matches ""Urdu A (12th with Urdu)"" (old programme ""Common Pool (VAC / AEC / SEC)"") — not found in the mapped programme(s), the elective pools, or anywhere else in the catalogue, including a conservative fuzzy pass.",Urdu A (12th with Urdu),/uploads/pyqs/f1635fea-436b-41f2-9247-d27e118500eb-Urdu_C_4466.pdf
migration-export:cmrowihj1001urp3fzfha81y3,unresolved_subject,"No current Subject matches ""Vyavharik Hindi   4520"" (old programme ""Common Pool (VAC / AEC / SEC)"") — not found in the mapped programme(s), the elective pools, or anywhere else in the catalogue, including a conservative fuzzy pass.",Vyavharik Hindi   4520,/uploads/pyqs/7954c99e-d1c5-4dc7-a896-c68a8cf0bfb9-Vyavharik_Hindi_4520.pdf
migration-export:cmrowihsx001wrp3fg8h0u3sh,unresolved_subject,"No current Subject matches ""Sanskrit B - Introductory Upanishad and Gita"" (old programme ""Common Pool (VAC / AEC / SEC)"") — not found in the mapped programme(s), the elective pools, or anywhere else in the catalogue, including a conservative fuzzy pass.",Sanskrit B - Introductory Upanishad and Gita,/uploads/pyqs/3152f7dc-7ab8-48ef-ad23-6cdae856fc5d-Introductory_Upanishad_Geeta_4478.pdf
migration-export:cmrowii0a001yrp3fezy52y38,unresolved_subject,"No current Subject matches ""Hindi Bhasha: Vyavaharik Vyakaran"" (old programme ""B.A. (Hons.) Hindi"") — not found in the mapped programme(s), the elective pools, or anywhere else in the catalogue, including a conservative fuzzy pass.",Hindi Bhasha: Vyavaharik Vyakaran,/uploads/pyqs/dc1535c1-2dc3-4a4e-a15c-b2f928463f9b-Hindi_Bhasha_aur_Takneek_4522A.pdf
migration-export:cmrowiid90020rp3fihteo8mk,unresolved_subject,"No current Subject matches ""Hindi Aupcharik Lekhan"" (old programme ""Common Pool (VAC / AEC / SEC)"") — not found in the mapped programme(s), the elective pools, or anywhere else in the catalogue, including a conservative fuzzy pass.",Hindi Aupcharik Lekhan,/uploads/pyqs/b9db0eb3-8d1c-4f5a-9734-2a7aa2556543-Hindi_Aupcharik_Lekhan_4454.pdf
migration-export:cmrowiikb0022rp3f8l8qkn6h,unresolved_subject,"No current Subject matches ""Journalistic Writing in Odia   4568"" (old programme ""Common Pool (VAC / AEC / SEC)"") — not found in the mapped programme(s), the elective pools, or anywhere else in the catalogue, including a conservative fuzzy pass.",Journalistic Writing in Odia   4568,/uploads/pyqs/5f9ccac6-0cf0-4a27-98af-1c16cc1c786f-Journalistic_Writing_in_Odia_4568.pdf
migration-export:cmrowiiru0024rp3fb5o7n50g,unresolved_subject,"No current Subject matches ""Journalistic Writing in Tamil  4571"" (old programme ""Common Pool (VAC / AEC / SEC)"") — not found in the mapped programme(s), the elective pools, or anywhere else in the catalogue, including a conservative fuzzy pass.",Journalistic Writing in Tamil  4571,/uploads/pyqs/568adca3-9dcd-4e45-8cf4-d4ba9cdb5b37-Journalistic_Writing_in_Tamil_4571.pdf
migration-export:cmrowij5c0026rp3fctjybz5c,unresolved_subject,"Ambiguous: 2 Subjects in programme ""university-wide-ability-enhancement-course-pool/university-wide-skill-enhancement-course-pool/university-wide-value-addition-course-pool/university-wide-generic-elective-course-pool/university-wide-discipline-specific-elective-course-pool"" share a name match for ""Sanskrit C - Introduction to Sanskrit Language"" (Sanskrit C: Introduction to Sanskrit Language [sem 1]; Sanskrit C: Introduction to Sanskrit Language [sem 2]) and old semester order (0) did not narrow it to one. Never auto-picked.",Sanskrit C - Introduction to Sanskrit Language,/uploads/pyqs/3398dec5-2714-4549-b1dc-4d5ab45461b3-Sanskrit_B_4532.pdf
migration-export:cmrowijcj0028rp3fex9cpn8q,unresolved_subject,"Ambiguous: 2 Subjects in programme ""university-wide-ability-enhancement-course-pool/university-wide-skill-enhancement-course-pool/university-wide-value-addition-course-pool/university-wide-generic-elective-course-pool/university-wide-discipline-specific-elective-course-pool"" share a name match for ""Translation and Interpretation in Assamese"" (Translation and Interpretation in Assamese [sem 1]; Translation and Interpretation in Assamese [sem 2]) and old semester order (0) did not narrow it to one. Never auto-picked.",Translation and Interpretation in Assamese,/uploads/pyqs/11a10cdf-29de-4147-b61c-517461bae067-Translation_Interpretation_in_Assamese_4483.pdf
migration-export:cmrowijrs002crp3fbzluanox,unresolved_subject,"No current Subject matches ""Vyavharik Hindi   4520"" (old programme ""Common Pool (VAC / AEC / SEC)"") — not found in the mapped programme(s), the elective pools, or anywhere else in the catalogue, including a conservative fuzzy pass.",Vyavharik Hindi   4520,/uploads/pyqs/6b29cfc0-8440-4a07-b3eb-35cad9958dab-Vyavharik_Hindi_4538.pdf
migration-export:cmrowilhw002grp3fjcp3usdm,unresolved_subject,"No current Subject matches ""Hindi Bhasha: Vyavaharik Vyakaran"" (old programme ""B.A. (Hons.) Hindi"") — not found in the mapped programme(s), the elective pools, or anywhere else in the catalogue, including a conservative fuzzy pass.",Hindi Bhasha: Vyavaharik Vyakaran,/uploads/pyqs/a9ac0a8e-511c-481f-a3f9-f2644834093d-Hindi_Bhasha_aur_Takneek_4540.pdf
migration-export:cmrowily7002irp3fxt8p6b3e,unresolved_subject,"No current Subject matches ""Media Lekhan"" (old programme ""B.A. (Hons.) Hindi"") — not found in the mapped programme(s), the elective pools, or anywhere else in the catalogue, including a conservative fuzzy pass.",Media Lekhan,/uploads/pyqs/036110fd-8155-4012-9382-3d929409ec28-Social_Media_aur_Blog_Lekhan_4471.pdf
migration-export:cmrowim6t002krp3fj2qf23v0,unresolved_subject,"No match within the mapped/pool programme(s); a global fallback search found 6 Subjects with this name across different programmes (ba-prog-punjabi-as-major, ba-prog-punjabi-as-major, ba-prog-punjabi-as-minor, ba-prog-punjabi-as-minor, ba-hons-punjabi, ba-hons-punjabi) — ambiguous, never auto-picked.",Punjabi Bhasha da Mudhla Padhar,/uploads/pyqs/35b4b337-c94b-4b47-8900-f0ed9f76df87-Punjabi_Bhasha_Ate_Anuwad_4522.pdf
migration-export:cmrowimqf002mrp3fvxb1w1j3,unresolved_subject,"No current Subject matches ""Sanskrit B - Introductory Upanishad and Gita"" (old programme ""Common Pool (VAC / AEC / SEC)"") — not found in the mapped programme(s), the elective pools, or anywhere else in the catalogue, including a conservative fuzzy pass.",Sanskrit B - Introductory Upanishad and Gita,/uploads/pyqs/7802b986-afd5-4c09-bf1b-3956fea33c41-Introductory_Upanishad_4462.pdf
migration-export:cmrowinbv002orp3fk1f9oary,unresolved_subject,"No current Subject matches ""Hindi Bhasha: Vyavaharik Vyakaran"" (old programme ""B.A. (Hons.) Hindi"") — not found in the mapped programme(s), the elective pools, or anywhere else in the catalogue, including a conservative fuzzy pass.",Hindi Bhasha: Vyavaharik Vyakaran,/uploads/pyqs/ffa92040-0a03-4cf0-ab39-206a1e8f8e6d-Hindi_Bhasha_4453.pdf
migration-export:cmrowinsu002qrp3f6o1w9x8y,unresolved_subject,"No current Subject matches ""SEC-2.3 — Social Media Marketing"" (old programme ""B.Com. (Programme)"") — not found in the mapped programme(s), the elective pools, or anywhere else in the catalogue, including a conservative fuzzy pass.",SEC-2.3 — Social Media Marketing,/uploads/pyqs/2bc9121f-eb92-4dce-b88a-9f5dc358b644-Social_Media_4455.pdf
migration-export:cmrowio0b002srp3fee7se7ea,unresolved_subject,"No match within the mapped/pool programme(s); a global fallback search found 6 Subjects with this name across different programmes (ba-prog-punjabi-as-major, ba-prog-punjabi-as-major, ba-prog-punjabi-as-minor, ba-prog-punjabi-as-minor, ba-hons-punjabi, ba-hons-punjabi) — ambiguous, never auto-picked.",Punjabi Bhasha da Mudhla Padhar,/uploads/pyqs/c1654f82-d16e-4f1a-87c0-632c4f1fce74-Punjabi_Bhasha_Ate_Anuwad_4545.pdf
migration-export:cmrowipdr002urp3ftm5dbi16,unresolved_subject,"No current Subject matches ""Hindi  D  4456"" (old programme ""Common Pool (VAC / AEC / SEC)"") — not found in the mapped programme(s), the elective pools, or anywhere else in the catalogue, including a conservative fuzzy pass.",Hindi  D  4456,/uploads/pyqs/4fd9c810-1c16-45be-8904-1736397a06e2-Hindi-_D_4456.pdf
migration-export:cmrp51mxn000yrpyp1lmq9l2t,unresolved_subject,"No current Subject matches ""Journalistic Writing in Malayalam  4563"" (old programme ""Common Pool (VAC / AEC / SEC)"") — not found in the mapped programme(s), the elective pools, or anywhere else in the catalogue, including a conservative fuzzy pass.",Journalistic Writing in Malayalam  4563,/uploads/pyqs/ecf55c0e-728a-4c3a-b86e-3c37d6e55061-Journalistic_Writing_in_Malayalam.pdf
migration-export:cmrp51sur0011rpypf59er4xm,unresolved_subject,"Ambiguous: 2 Subjects in programme ""university-wide-ability-enhancement-course-pool/university-wide-skill-enhancement-course-pool/university-wide-value-addition-course-pool/university-wide-generic-elective-course-pool/university-wide-discipline-specific-elective-course-pool"" share a name match for ""Translation and Interpretation in Telugu"" (Translation and Interpretation in Telugu [sem 1]; Translation and Interpretation in Telugu [sem 2]) and old semester order (0) did not narrow it to one. Never auto-picked.",Translation and Interpretation in Telugu,/uploads/pyqs/e6a9583d-fbfa-4d69-927c-45489fe180c5-Translation_Interpretation_in_Telugu.pdf
migration-export:cmrp523g00015rpyphpfnqy1d,unresolved_subject,"No match within the mapped/pool programme(s); a global fallback search found 6 Subjects with this name across different programmes (ba-prog-punjabi-as-major, ba-prog-punjabi-as-major, ba-prog-punjabi-as-minor, ba-prog-punjabi-as-minor, ba-hons-punjabi, ba-hons-punjabi) — ambiguous, never auto-picked.",Punjabi Bhasha da Mudhla Padhar,/uploads/pyqs/9e9a8d0e-c3cb-467d-82f6-14d35c582eb1-Punjabi_Bhasha_da_Uchtam_Padhar.pdf
migration-export:cmrp52uel0018rpyp6dlx15ep,unresolved_subject,"No current Subject matches ""Hindi Aupcharik Lekhan"" (old programme ""Common Pool (VAC / AEC / SEC)"") — not found in the mapped programme(s), the elective pools, or anywhere else in the catalogue, including a conservative fuzzy pass.",Hindi Aupcharik Lekhan,/uploads/pyqs/a2d41714-ef48-422b-8bae-77355a888ef6-Hindi_Aupcharik_Lekhan_11464.pdf
migration-export:cmrp534ra001crpyp2y5dn7l7,unresolved_subject,"No current Subject matches ""Sanskrit B - Introductory Upanishad and Gita"" (old programme ""Common Pool (VAC / AEC / SEC)"") — not found in the mapped programme(s), the elective pools, or anywhere else in the catalogue, including a conservative fuzzy pass.",Sanskrit B - Introductory Upanishad and Gita,/uploads/pyqs/e958ec4d-b48e-4a9b-bf7f-dab66bd998ce-Introductory_Upanishad_And_Geeta.pdf
migration-export:cmrp538y6001erpyp1yymx9h7,unresolved_subject,"No current Subject matches ""Rachnatmak Lekhan"" (old programme ""Common Pool (VAC / AEC / SEC)"") — not found in the mapped programme(s), the elective pools, or anywhere else in the catalogue, including a conservative fuzzy pass.",Rachnatmak Lekhan,/uploads/pyqs/e582354b-7153-44d6-b3e9-553c966d2219-Jansanchar_aur_Rachnatmak_Lekhan_HINDI_B.pdf
migration-export:cmrp53d6w001grpypnlb0h9ns,unresolved_subject,"Ambiguous: 2 Subjects in programme ""university-wide-ability-enhancement-course-pool/university-wide-skill-enhancement-course-pool/university-wide-value-addition-course-pool/university-wide-generic-elective-course-pool/university-wide-discipline-specific-elective-course-pool"" share a name match for ""Translation and Interpretation in Malayalam"" (Translation and Interpretation in Malayalam [sem 1]; Translation and Interpretation in Malayalam [sem 2]) and old semester order (0) did not narrow it to one. Never auto-picked.",Translation and Interpretation in Malayalam,/uploads/pyqs/f38e3092-22ab-401b-8a86-89fec6a1dbd5-Translation_Interpretation_in_Malayalam.pdf
migration-export:cmrp541xa001irpypljlmq52d,unresolved_subject,"No current Subject matches ""EVS   4451"" (old programme ""Common Pool (VAC / AEC / SEC)"") — not found in the mapped programme(s), the elective pools, or anywhere else in the catalogue, including a conservative fuzzy pass.",EVS   4451,/uploads/pyqs/a4160704-c762-4307-afb2-2c0ea6a10ca7-EVS.pdf
migration-export:cmrp54i6s001krpyp7lba54je,unresolved_subject,"No current Subject matches ""Media Lekhan"" (old programme ""B.A. (Hons.) Hindi"") — not found in the mapped programme(s), the elective pools, or anywhere else in the catalogue, including a conservative fuzzy pass.",Media Lekhan,/uploads/pyqs/359dd5cf-05af-4ab3-b0d7-5eca0f1122f0-Social_Media_Aur_Blog_Lekhan_HINDI_C_11412.pdf
migration-export:cmrp54rcp001mrpypgiucaum4,unresolved_subject,"No current Subject matches ""Perspectives on International Relations"" (old programme ""B.A. (Hons.) Political Science"") — not found in the mapped programme(s), the elective pools, or anywhere else in the catalogue, including a conservative fuzzy pass.",Perspectives on International Relations,/uploads/pyqs/238fad8b-9b14-4093-9a1d-dec357bada1f-Introduction_to_International_Relations.pdf
migration-export:cmrp54z9u001orpypi9dwdbgj,unresolved_subject,"Ambiguous: 2 Subjects in programme ""university-wide-ability-enhancement-course-pool/university-wide-skill-enhancement-course-pool/university-wide-value-addition-course-pool/university-wide-generic-elective-course-pool/university-wide-discipline-specific-elective-course-pool"" share a name match for ""Translation and Interpretation in Manipuri"" (Translation and Interpretation in Manipuri [sem 1]; Translation and Interpretation in Manipuri [sem 2]) and old semester order (0) did not narrow it to one. Never auto-picked.",Translation and Interpretation in Manipuri,/uploads/pyqs/577088a9-049a-4047-b500-9d09fed26c03-Translation_Interpretation_in_Manipuri.pdf
migration-export:cmrp557ad001qrpyp7r91955e,unresolved_subject,"No current Subject matches ""Sanskrit B - Introductory Upanishad and Gita"" (old programme ""Common Pool (VAC / AEC / SEC)"") — not found in the mapped programme(s), the elective pools, or anywhere else in the catalogue, including a conservative fuzzy pass.",Sanskrit B - Introductory Upanishad and Gita,/uploads/pyqs/e69116e3-ca32-4e77-a84b-715d50bda0a9-Introductory_Upanishad_And_Geeta_11438.pdf
migration-export:cmrp55fge001srpyp0b0gj0qg,unresolved_subject,"Ambiguous: 2 Subjects in programme ""university-wide-ability-enhancement-course-pool/university-wide-skill-enhancement-course-pool/university-wide-value-addition-course-pool/university-wide-generic-elective-course-pool/university-wide-discipline-specific-elective-course-pool"" share a name match for ""Translation and Interpretation in Assamese"" (Translation and Interpretation in Assamese [sem 1]; Translation and Interpretation in Assamese [sem 2]) and old semester order (0) did not narrow it to one. Never auto-picked.",Translation and Interpretation in Assamese,/uploads/pyqs/e19601e6-d4fa-4ecc-8276-61c361742531-Translation_Interpretation_in_Assamese_11442.pdf
migration-export:cmrp55rnl001urpyplepuhbau,unresolved_subject,"No current Subject matches ""EVS   4451"" (old programme ""Common Pool (VAC / AEC / SEC)"") — not found in the mapped programme(s), the elective pools, or anywhere else in the catalogue, including a conservative fuzzy pass.",EVS   4451,/uploads/pyqs/17c37b86-50e7-49cc-b9c1-a6053c85e96f-EVS_11489.pdf
migration-export:cmrp56f1x001xrpypcohlwgoy,unresolved_subject,"No current Subject matches ""Hindi Bhasha: Vyavaharik Vyakaran"" (old programme ""B.A. (Hons.) Hindi"") — not found in the mapped programme(s), the elective pools, or anywhere else in the catalogue, including a conservative fuzzy pass.",Hindi Bhasha: Vyavaharik Vyakaran,/uploads/pyqs/ded56dad-b996-4dbf-9e65-506e06382e80-Hindi_Bhasha.pdf
migration-export:cmrp56pyy001zrpypapbo8sjx,unresolved_subject,"No current Subject matches ""Journalistic Writing in Assamese   4555"" (old programme ""Common Pool (VAC / AEC / SEC)"") — not found in the mapped programme(s), the elective pools, or anywhere else in the catalogue, including a conservative fuzzy pass.",Journalistic Writing in Assamese   4555,/uploads/pyqs/668b8088-ccbf-4e48-962d-c5b571f96464-Journalistic_Writing_in_Manipuri.pdf
migration-export:cmrp56xoz0021rpyphkvrxmof,unresolved_subject,"No current Subject matches ""Environmental Science - Theory into Practice"" (old programme ""Common Pool (VAC / AEC / SEC)"") — not found in the mapped programme(s), the elective pools, or anywhere else in the catalogue, including a conservative fuzzy pass.",Environmental Science - Theory into Practice,/uploads/pyqs/7db3d3f3-059a-4157-9213-4f1915d4b899-EVS_Theory_into_Practice.pdf
migration-export:cmrp57vr50025rpyp5ttvmxar,unresolved_subject,"No current Subject matches ""Media Lekhan"" (old programme ""B.A. (Hons.) Hindi"") — not found in the mapped programme(s), the elective pools, or anywhere else in the catalogue, including a conservative fuzzy pass.",Media Lekhan,/uploads/pyqs/f6f78696-c8ac-4521-8d8e-3ab750e66adf-Social_Media_Aur_Blog_Lekhan_HINDI_C.pdf
migration-export:cmrp58hra0029rpyp2ay33q5r,unresolved_subject,"No current Subject matches ""Rachnatmak Lekhan"" (old programme ""Common Pool (VAC / AEC / SEC)"") — not found in the mapped programme(s), the elective pools, or anywhere else in the catalogue, including a conservative fuzzy pass.",Rachnatmak Lekhan,/uploads/pyqs/6ea144ce-b63f-472e-9851-7a2827f7bb56-Jansanchar_aur_Rachnatmak_Lekhan_HINDI_B_11481.pdf
migration-export:cmrp58thn002brpypcwwfohxq,unresolved_subject,"No current Subject matches ""Hindi Aupcharik Lekhan"" (old programme ""Common Pool (VAC / AEC / SEC)"") — not found in the mapped programme(s), the elective pools, or anywhere else in the catalogue, including a conservative fuzzy pass.",Hindi Aupcharik Lekhan,/uploads/pyqs/2113666a-9a49-4a63-9f6c-9aec36b1113d-Hindi_Aupcharik_Lekhan.pdf
migration-export:cmrp59mgh002erpypoh86p8rr,unresolved_subject,"No current Subject matches ""Hindi Bhasha: Vyavaharik Vyakaran"" (old programme ""B.A. (Hons.) Hindi"") — not found in the mapped programme(s), the elective pools, or anywhere else in the catalogue, including a conservative fuzzy pass.",Hindi Bhasha: Vyavaharik Vyakaran,/uploads/pyqs/9a63b769-7e9d-445a-9844-849c3f633f85-Hindi_Bhasha_aur_Takneek_HINDI_C.pdf
migration-export:cmrp59yd4002grpypnt4rcm8q,unresolved_subject,"No current Subject matches ""Punjabi Bhasha da Uchera Padhar"" (old programme ""Common Pool (VAC / AEC / SEC)"") — not found in the mapped programme(s), the elective pools, or anywhere else in the catalogue, including a conservative fuzzy pass.",Punjabi Bhasha da Uchera Padhar,/uploads/pyqs/3b106480-1a99-4306-ad41-68ca0b7144ad-Punjabi_Bhasha_Da_Uchera_Padhar_11440.pdf
migration-export:cmrp5ak09002jrpypkh70gl71,unresolved_subject,"No current Subject matches ""Vyavharik Hindi   4520"" (old programme ""Common Pool (VAC / AEC / SEC)"") — not found in the mapped programme(s), the elective pools, or anywhere else in the catalogue, including a conservative fuzzy pass.",Vyavharik Hindi   4520,/uploads/pyqs/b5de0784-895a-4ced-bb44-376d74785055-Vyavharik_Hindi_A_11482.pdf
migration-export:cmrp5atrg002lrpyp2we6rd0a,unresolved_subject,"No current Subject matches ""Journalistic Writing in Odia   4568"" (old programme ""Common Pool (VAC / AEC / SEC)"") — not found in the mapped programme(s), the elective pools, or anywhere else in the catalogue, including a conservative fuzzy pass.",Journalistic Writing in Odia   4568,/uploads/pyqs/a4ddcb6f-5b4d-4822-9fbe-c5588fad1d32-Journalistic_Writing_in_Odia.pdf
migration-export:cmrp5b97j002nrpypv5x3lnpr,rejected,Probable duplicate (SAME_RESOURCE or UNRESOLVED_DUPLICATE) — see probableDuplicateGroups in the report.,Punjabi Bhasha da Mudhla Padhar,/uploads/pyqs/31fa1ea6-4648-4ab3-92fd-b68f31ecfc0c-Punjabi_Bhasha_Da_Mudhla_Padhar.pdf
migration-export:cmrp5bj3z002prpypanzkczi1,unresolved_subject,"No current Subject matches ""Perspectives on International Relations"" (old programme ""B.A. (Hons.) Political Science"") — not found in the mapped programme(s), the elective pools, or anywhere else in the catalogue, including a conservative fuzzy pass.",Perspectives on International Relations,/uploads/pyqs/9e529a80-9ac6-423b-a28b-c36f0463a415-Intro_to_International_Relations.pdf
migration-export:cmrp5fdu8002vrpyp26z2vucb,unresolved_subject,"No current Subject matches ""Punjabi Bhasha da Uchera Padhar"" (old programme ""Common Pool (VAC / AEC / SEC)"") — not found in the mapped programme(s), the elective pools, or anywhere else in the catalogue, including a conservative fuzzy pass.",Punjabi Bhasha da Uchera Padhar,/uploads/pyqs/68401171-e257-475a-bfb4-65ba4be5d764-Punjabi_Bhasha_Da_Uchera_Padhar.pdf
migration-export:cmrp5fgvi002xrpyp1qtvyuht,unresolved_subject,"No match within the mapped/pool programme(s); a global fallback search found 6 Subjects with this name across different programmes (ba-prog-punjabi-as-major, ba-prog-punjabi-as-major, ba-prog-punjabi-as-minor, ba-prog-punjabi-as-minor, ba-hons-punjabi, ba-hons-punjabi) — ambiguous, never auto-picked.",Punjabi Bhasha da Mudhla Padhar,/uploads/pyqs/ff4682e0-f3f6-44c0-ba16-cb2477ed7fa1-Punjabi_Bhasha_Da_Mudhla_Padhar_11439.pdf
migration-export:cmrp5foji002zrpypgpigxqvq,unresolved_subject,"No current Subject matches ""Vyavharik Hindi   4520"" (old programme ""Common Pool (VAC / AEC / SEC)"") — not found in the mapped programme(s), the elective pools, or anywhere else in the catalogue, including a conservative fuzzy pass.",Vyavharik Hindi   4520,/uploads/pyqs/eabf222f-d97d-4c11-b2c7-41d347987ad9-Vyavharik_Hindi_A.pdf
migration-export:cmrp5gqxx003brpypstsppzob,unresolved_subject,"No match within the mapped/pool programme(s); a global fallback search found 6 Subjects with this name across different programmes (ba-prog-punjabi-as-major, ba-prog-punjabi-as-major, ba-prog-punjabi-as-minor, ba-prog-punjabi-as-minor, ba-hons-punjabi, ba-hons-punjabi) — ambiguous, never auto-picked.",Punjabi Bhasha da Mudhla Padhar,/uploads/pyqs/342d7a65-6d08-4e38-825e-ce68682c1620-Punjabi_Bhasha_da_Uchtam_Padhar_11441.pdf
migration-export:cmrp5gt3a003drpypbd7846wu,unresolved_subject,"Ambiguous: 2 Subjects in programme ""university-wide-ability-enhancement-course-pool/university-wide-skill-enhancement-course-pool/university-wide-value-addition-course-pool/university-wide-generic-elective-course-pool/university-wide-discipline-specific-elective-course-pool"" share a name match for ""Sanskrit C - Introduction to Sanskrit Language"" (Sanskrit C: Introduction to Sanskrit Language [sem 1]; Sanskrit C: Introduction to Sanskrit Language [sem 2]) and old semester order (0) did not narrow it to one. Never auto-picked.",Sanskrit C - Introduction to Sanskrit Language,/uploads/pyqs/21b01611-851e-4cc6-8692-057146c93613-Introduction_to_Sanskrit_Language_C.pdf
migration-export:cmrp5gvas003frpyp72f9507z,unresolved_subject,"Ambiguous: 2 Subjects in programme ""university-wide-ability-enhancement-course-pool/university-wide-skill-enhancement-course-pool/university-wide-value-addition-course-pool/university-wide-generic-elective-course-pool/university-wide-discipline-specific-elective-course-pool"" share a name match for ""Translation and Interpretation in Nepali"" (Translation and Interpretation in Nepali [sem 1]; Translation and Interpretation in Nepali [sem 2]) and old semester order (0) did not narrow it to one. Never auto-picked.",Translation and Interpretation in Nepali,/uploads/pyqs/e8283626-1410-479a-b330-b1df6292d3ae-Translation_Interpretation_in_Nepali.pdf
migration-export:cmrp5gyts003hrpypr58wgmph,unresolved_subject,"No current Subject matches ""Journalistic Writing in Assamese   4555"" (old programme ""Common Pool (VAC / AEC / SEC)"") — not found in the mapped programme(s), the elective pools, or anywhere else in the catalogue, including a conservative fuzzy pass.",Journalistic Writing in Assamese   4555,/uploads/pyqs/57c50a33-796a-4493-94d8-3a49342f5646-Journalistic_Writing_in_Assamese.pdf
migration-export:cmrp5h12v003jrpyp5kuofkou,unresolved_subject,"No current Subject matches ""Hindi Bhasha: Vyavaharik Vyakaran"" (old programme ""B.A. (Hons.) Hindi"") — not found in the mapped programme(s), the elective pools, or anywhere else in the catalogue, including a conservative fuzzy pass.",Hindi Bhasha: Vyavaharik Vyakaran,/uploads/pyqs/fbee035f-6c65-48db-ac24-b3116e035f04-Hindi_Bhasha_aur_Takneek_Hindi_C_11484.pdf
migration-export:cmrp5h3ax003lrpypbemx96pp,missing_storage_reference,"fileUrl ""/uploads/pyqs/817d1c8d-8412-41e6-bcbf-eccfe039a137-Finance_For_Everyone_11713...pdf"" is a local dev-storage path — not verified reachable. See docs/PHASE_3_RESOURCE_IMPORT_APPLIED.md storage section for what was and wasn't uploaded.",SEC-1.2 — Finance for Everyone,/uploads/pyqs/817d1c8d-8412-41e6-bcbf-eccfe039a137-Finance_For_Everyone_11713...pdf
migration-export:cmrp5hl40003urpypwhec0oj1,unresolved_subject,"No match within the mapped/pool programme(s); a global fallback search found 9 Subjects with this name across different programmes (ba-prog-economics-as-major, ba-prog-economics-as-major, ba-prog-economics-as-major, ba-prog-economics-as-minor, ba-prog-economics-as-minor, ba-prog-economics-as-minor, ba-hons-economics, ba-hons-economics, ba-hons-economics) — ambiguous, never auto-picked.",Money and Banking,/uploads/pyqs/571172e0-4f94-4ce1-a5c2-7ade070b24a7-Money_and_Banking.pdf
migration-export:cmrp5hp3b003wrpypjgw2ex1z,unresolved_subject,"No match within the mapped/pool programme(s); a global fallback search found 2 Subjects with this name across different programmes (b-a-program-sociology, ba-hons-socialogy) — ambiguous, never auto-picked.",Sociology and Everyday Life,/uploads/pyqs/1f700d0a-e61d-4214-b5b4-ccf03dbaf658-Sociology_Everyday_Life.pdf
migration-export:cmrp5hu2c003yrpyplh5wekbe,unresolved_subject,"No match within the mapped/pool programme(s); a global fallback search found 9 Subjects with this name across different programmes (ba-prog-economics-as-major, ba-prog-economics-as-major, ba-prog-economics-as-major, ba-prog-economics-as-minor, ba-prog-economics-as-minor, ba-prog-economics-as-minor, ba-hons-economics, ba-hons-economics, ba-hons-economics) — ambiguous, never auto-picked.",Money and Banking,/uploads/pyqs/acae83ac-308a-41b8-9d27-6289708a2564-Money_Banking.pdf
migration-export:cmrp5hxm40040rpypzctgch3v,unresolved_subject,"No current Subject matches ""Yoga Philosophy & Practice"" (old programme ""Common Pool (VAC / AEC / SEC)"") — not found in the mapped programme(s), the elective pools, or anywhere else in the catalogue, including a conservative fuzzy pass.",Yoga Philosophy & Practice,/uploads/pyqs/8655a575-51e8-42ab-b02a-2ae381bdf145-Philosophy_of_Yoga.pdf
migration-export:cmrp5ia9t0044rpyp9q29ngbh,rejected,Probable duplicate (SAME_RESOURCE or UNRESOLVED_DUPLICATE) — see probableDuplicateGroups in the report.,Genre Fiction,/uploads/pyqs/612ae837-3ef1-4670-9670-fa8729f82684-Genre_Fiction.pdf
migration-export:cmrp5idxi0046rpypagtgkrgl,unresolved_subject,"No current Subject matches ""Fundamentals of Indian Philosophy (Prog.)"" (old programme ""GE Pool (Generic Electives)"") — not found in the mapped programme(s), the elective pools, or anywhere else in the catalogue, including a conservative fuzzy pass.",Fundamentals of Indian Philosophy (Prog.),/uploads/pyqs/96ed4c81-1602-48ee-8146-aa1ebebf9745-Fundamentals_of_Indian_Philosophy.pdf
migration-export:cmrp5ii730049rpyppsdpe0ve,unresolved_subject,"No current Subject matches ""Olympic Education"" (old programme ""GE Pool (Generic Electives)"") — not found in the mapped programme(s), the elective pools, or anywhere else in the catalogue, including a conservative fuzzy pass.",Olympic Education,/uploads/pyqs/7f6c9609-940c-4aeb-88b7-b4383912a53e-Olympic_Education.pdf
migration-export:cmrp5ivy6004erpyp3r41xgyh,unresolved_subject,"No current Subject matches ""Theory of Public Finance"" (old programme ""GE Pool (Generic Electives)"") — not found in the mapped programme(s), the elective pools, or anywhere else in the catalogue, including a conservative fuzzy pass.",Theory of Public Finance,/uploads/pyqs/fe4ce480-5582-45a3-9a08-8b316939cd1b-Theory_of_Public_Finance.pdf
migration-export:cmrp5j0ua004hrpyp3x5ucth3,unresolved_subject,"No current Subject matches ""Theory of Public Finance"" (old programme ""GE Pool (Generic Electives)"") — not found in the mapped programme(s), the elective pools, or anywhere else in the catalogue, including a conservative fuzzy pass.",Theory of Public Finance,/uploads/pyqs/140f81a6-6a4d-4bee-8a68-1350eb6831e8-Theory_of_Public_Finance_12253.pdf
migration-export:cmrp5j548004jrpypki3tbmj7,rejected,Probable duplicate (SAME_RESOURCE or UNRESOLVED_DUPLICATE) — see probableDuplicateGroups in the report.,Literature and Human Rights,/uploads/pyqs/1853a211-b2fe-41df-894c-847a1e12b8fe-Literature_Human_Rights.pdf
migration-export:cmrp5j7fi004lrpypb7akjuos,unresolved_subject,"No current Subject matches ""Fitness and Wellness"" (old programme ""GE Pool (Generic Electives)"") — not found in the mapped programme(s), the elective pools, or anywhere else in the catalogue, including a conservative fuzzy pass.",Fitness and Wellness,/uploads/pyqs/0ea4dc3d-7f21-41bc-868f-63a1c74e0b76-Fitness_Wellness.pdf
migration-export:cmrp5j9o9004nrpyppjmldx1w,rejected,Probable duplicate (SAME_RESOURCE or UNRESOLVED_DUPLICATE) — see probableDuplicateGroups in the report.,Indian Writing in English,/uploads/pyqs/b1769315-b75f-4342-b84a-87df168fd3d9-Indian_English_Literatures.pdf
migration-export:cmrp5jt1u004srpypv4qb68lo,unresolved_subject,"No current Subject matches ""Fundamentals of Calculus"" (old programme ""GE Pool (Generic Electives)"") — not found in the mapped programme(s), the elective pools, or anywhere else in the catalogue, including a conservative fuzzy pass.",Fundamentals of Calculus,/uploads/pyqs/f36c083f-ab92-4c79-8be7-43e0ee1801ce-Fundamentals_of_Calculus.pdf
migration-export:cmrp5k046004wrpypbu2tm2z0,unresolved_subject,"No match within the mapped/pool programme(s); a global fallback search found 9 Subjects with this name across different programmes (ba-prog-economics-as-major, ba-prog-economics-as-major, ba-prog-economics-as-major, ba-prog-economics-as-minor, ba-prog-economics-as-minor, ba-prog-economics-as-minor, ba-hons-economics, ba-hons-economics, ba-hons-economics) — ambiguous, never auto-picked.",Money and Banking,/uploads/pyqs/6dca9625-53fd-42c9-8083-ea840b929ff4-Money_Banking_12254.pdf
migration-export:cmrp5k7fm004zrpyp019dldt4,unresolved_subject,"No match within the mapped/pool programme(s); a global fallback search found 12 Subjects with this name across different programmes (ba-prog-economics-as-major, ba-prog-economics-as-major, ba-prog-economics-as-major, ba-prog-economics-as-major, ba-prog-economics-as-minor, ba-prog-economics-as-minor, ba-prog-economics-as-minor, ba-prog-economics-as-minor, ba-hons-economics, ba-hons-economics, ba-hons-economics, ba-hons-economics) — ambiguous, never auto-picked.",Principles of Microeconomics-I,/uploads/pyqs/ab9f0a9e-2b85-4f94-ba3a-eafabd01a8b5-Principles_of_Microeconomics_1.pdf
migration-export:cmrp5ka8s0051rpypsqs1vgg5,unresolved_subject,"No current Subject matches ""Hindi Sahitya ka Itihas (Aadikal aur Madhyakal)"" (old programme ""B.A. (Hons.) Hindi"") — not found in the mapped programme(s), the elective pools, or anywhere else in the catalogue, including a conservative fuzzy pass.",Hindi Sahitya ka Itihas (Aadikal aur Madhyakal),/uploads/pyqs/7bbe25fd-0570-4d80-b4bd-6878b07e7e57-Hindi_Sahitya_ka_Itihas..pdf
migration-export:cmrp5kl9z0055rpypuak8zizn,rejected,Probable duplicate (SAME_RESOURCE or UNRESOLVED_DUPLICATE) — see probableDuplicateGroups in the report.,Genre Fiction,/uploads/pyqs/d978f11f-ddb5-4571-9566-430237d6975f-Genre_Fiction.pdf
migration-export:cmrp5ks900058rpyp715g89r0,rejected,Probable duplicate (SAME_RESOURCE or UNRESOLVED_DUPLICATE) — see probableDuplicateGroups in the report.,Indian Writing in English,/uploads/pyqs/016cb7ee-da94-442e-922a-1a43fcf9fcbd-Indian_English_Literatures.pdf
migration-export:cmrp5kuou005arpyp3n3hrzq0,rejected,Probable duplicate (SAME_RESOURCE or UNRESOLVED_DUPLICATE) — see probableDuplicateGroups in the report.,Punjabi Bhasha da Mudhla Padhar,/uploads/pyqs/cd87d2b3-a615-49a7-9a25-5c3fb4be1f18-Punjabi_Bhasha_Da_Mudhla_Padhar.pdf
migration-export:cmrp5lmzf005jrpypwq6dwkc5,unresolved_subject,"No current Subject matches ""Theory of Public Finance"" (old programme ""GE Pool (Generic Electives)"") — not found in the mapped programme(s), the elective pools, or anywhere else in the catalogue, including a conservative fuzzy pass.",Theory of Public Finance,/uploads/pyqs/d624a3e1-22e0-4c40-80d5-29a1172f7989-Theory_of_Public_Finance_13365.pdf
migration-export:cmrp5m5i7005orpypkbq1jevn,unresolved_subject,"No current Subject matches ""Essential Food Nutrients"" (old programme ""Common Pool (VAC / AEC / SEC)"") — not found in the mapped programme(s), the elective pools, or anywhere else in the catalogue, including a conservative fuzzy pass.",Essential Food Nutrients,/uploads/pyqs/44871523-df1d-4950-9c27-45d7c1e7fd38-Essential_Food_Nutrients.pdf
migration-export:cmrp5mbvh005rrpypc0fj5qxd,unresolved_subject,"No current Subject matches ""Cyber Sphere and Security Global Concerns"" (old programme ""Common Pool (VAC / AEC / SEC)"") — not found in the mapped programme(s), the elective pools, or anywhere else in the catalogue, including a conservative fuzzy pass.",Cyber Sphere and Security Global Concerns,/uploads/pyqs/8b556906-b991-4d39-896e-58212f8f99a0-Cyber_Sphere_Security_Global_Concerns.pdf
migration-export:cmrp5me0n005trpypubuv4il3,unresolved_subject,"No current Subject matches ""Chemistry of Food Flavors and Colourants"" (old programme ""Common Pool (VAC / AEC / SEC)"") — not found in the mapped programme(s), the elective pools, or anywhere else in the catalogue, including a conservative fuzzy pass.",Chemistry of Food Flavors and Colourants,/uploads/pyqs/d625bc03-45a8-4f07-9895-4a23ad3a498a-Chemistry_of_Food_Flavors_Colorants_11705_SEC.pdf
migration-export:cmrp5mmfk005wrpypazj1zoy4,unresolved_subject,"No current Subject matches ""Cyber Sphere and Security Global Concerns"" (old programme ""Common Pool (VAC / AEC / SEC)"") — not found in the mapped programme(s), the elective pools, or anywhere else in the catalogue, including a conservative fuzzy pass.",Cyber Sphere and Security Global Concerns,/uploads/pyqs/45ab276e-65ee-4910-b17e-9df6e356ff68-Cyber_Sphere_Security_11748.pdf
migration-export:cmrp5mrf9005zrpyp3a78rtlh,unresolved_subject,"No current Subject matches ""Cyber Sphere and Security Global Concerns"" (old programme ""Common Pool (VAC / AEC / SEC)"") — not found in the mapped programme(s), the elective pools, or anywhere else in the catalogue, including a conservative fuzzy pass.",Cyber Sphere and Security Global Concerns,/uploads/pyqs/02ccbd5d-8443-4e02-899a-3996dddd841f-Cyber_Sphere_Security_11710_sec.pdf
migration-export:cmrp5mxuq0062rpypwg67gikq,unresolved_subject,"No current Subject matches ""Life Skill Education"" (old programme ""Common Pool (VAC / AEC / SEC)"") — not found in the mapped programme(s), the elective pools, or anywhere else in the catalogue, including a conservative fuzzy pass.",Life Skill Education,/uploads/pyqs/101de844-4144-419e-8518-fc3959feaebc-Life_Skill_Education.pdf
migration-export:cmrp5n12k0064rpyprkx5021p,unresolved_subject,"No current Subject matches ""SEC-2.1 — Personality Development"" (old programme ""B.Com. (Programme)"") — not found in the mapped programme(s), the elective pools, or anywhere else in the catalogue, including a conservative fuzzy pass.",SEC-2.1 — Personality Development,/uploads/pyqs/79ae642d-c38c-4eb2-8b10-5983819b6be8-Personality_Development_Communication_11763.pdf
migration-export:cmrp5n5uw0066rpypsvrz5uat,unresolved_subject,"No current Subject matches ""Reading the Archive"" (old programme ""Common Pool (VAC / AEC / SEC)"") — not found in the mapped programme(s), the elective pools, or anywhere else in the catalogue, including a conservative fuzzy pass.",Reading the Archive,/uploads/pyqs/93b4a0f0-377f-442e-be64-dffd71963784-Reading_the_Archive.pdf
migration-export:cmrp5n8800068rpypkht70ufl,unresolved_subject,"No current Subject matches ""Working with People"" (old programme ""Common Pool (VAC / AEC / SEC)"") — not found in the mapped programme(s), the elective pools, or anywhere else in the catalogue, including a conservative fuzzy pass.",Working with People,/uploads/pyqs/e54c303f-4fb5-4fdf-bbf5-809fe93e2157-Working_with_People.pdf
migration-export:cmrp5naf4006arpyp96x02y2s,unresolved_subject,"No current Subject matches ""Museum and Museology"" (old programme ""Common Pool (VAC / AEC / SEC)"") — not found in the mapped programme(s), the elective pools, or anywhere else in the catalogue, including a conservative fuzzy pass.",Museum and Museology,/uploads/pyqs/d5b74803-1309-4643-b623-25d6bc20febb-Museum_Museology.pdf
migration-export:cmrp5ne1u006crpypckmdsm7l,unresolved_subject,"No current Subject matches ""Political Communication and Leadership"" (old programme ""Common Pool (VAC / AEC / SEC)"") — not found in the mapped programme(s), the elective pools, or anywhere else in the catalogue, including a conservative fuzzy pass.",Political Communication and Leadership,/uploads/pyqs/168facb8-c6b3-45e1-aa62-3ffd1467df33-Political_Leadership_Communication.pdf
migration-export:cmrp5ng7d006erpyp5n5h29lk,unresolved_subject,"No current Subject matches ""SEC-2.1 — Personality Development"" (old programme ""B.Com. (Programme)"") — not found in the mapped programme(s), the elective pools, or anywhere else in the catalogue, including a conservative fuzzy pass.",SEC-2.1 — Personality Development,/uploads/pyqs/0c084cac-3a3f-4c9f-9116-034bb4248055-Personality_Development_Communication.pdf
migration-export:cmrp5niec006grpypzyxqibbw,unresolved_subject,"No current Subject matches ""Museum and Museology"" (old programme ""Common Pool (VAC / AEC / SEC)"") — not found in the mapped programme(s), the elective pools, or anywhere else in the catalogue, including a conservative fuzzy pass.",Museum and Museology,/uploads/pyqs/0532125a-3fb6-4759-b457-05fb96d6c036-Museum_Museology_11721.pdf
migration-export:cmrp5nlos006irpypwwt617me,unresolved_subject,"No current Subject matches ""Museum and Museology"" (old programme ""Common Pool (VAC / AEC / SEC)"") — not found in the mapped programme(s), the elective pools, or anywhere else in the catalogue, including a conservative fuzzy pass.",Museum and Museology,/uploads/pyqs/8f039872-f435-43c3-9d1e-cca30423d93c-Museum_Museology_11759.pdf
migration-export:cmrp5nntq006krpyp8vyxip29,unresolved_subject,"No current Subject matches ""Science & Society"" (old programme ""Common Pool (VAC / AEC / SEC)"") — not found in the mapped programme(s), the elective pools, or anywhere else in the catalogue, including a conservative fuzzy pass.",Science & Society,/uploads/pyqs/34292e3b-e37f-4e3f-b132-3554143ec023-Science_Society.pdf
migration-export:cmrp5nv90006nrpypchjbztex,unresolved_subject,"No current Subject matches ""Yoga in Practice"" (old programme ""Common Pool (VAC / AEC / SEC)"") — not found in the mapped programme(s), the elective pools, or anywhere else in the catalogue, including a conservative fuzzy pass.",Yoga in Practice,/uploads/pyqs/c3ecf274-888d-4c53-8a07-aa7a7fe44028-Yoga-Philosophy_Practice.pdf
migration-export:cmrp5nxq3006prpyp52rnq02f,unresolved_subject,"No current Subject matches ""Reading Indian Fiction in English"" (old programme ""Common Pool (VAC / AEC / SEC)"") — not found in the mapped programme(s), the elective pools, or anywhere else in the catalogue, including a conservative fuzzy pass.",Reading Indian Fiction in English,/uploads/pyqs/bc631ef5-f1c1-44c5-b227-f7ad4b79443e-Reading_Indian_Fiction_in_English.pdf
migration-export:cmrp5o1br006rrpyp310ezk06,unresolved_subject,"No current Subject matches ""Ethics and Values in Ancient Indian Traditions"" (old programme ""Common Pool (VAC / AEC / SEC)"") — not found in the mapped programme(s), the elective pools, or anywhere else in the catalogue, including a conservative fuzzy pass.",Ethics and Values in Ancient Indian Traditions,/uploads/pyqs/bc2eb3f3-7f41-4640-959a-fb4a1d1ac93e-Ethics_Values_in_Ancient_Indian_Traditions.pdf
migration-export:cmrp5ohdn006trpypsx7r2tkp,unresolved_subject,"No current Subject matches ""Culture & Communication"" (old programme ""Common Pool (VAC / AEC / SEC)"") — not found in the mapped programme(s), the elective pools, or anywhere else in the catalogue, including a conservative fuzzy pass.",Culture & Communication,/uploads/pyqs/e4c99451-92b3-4d90-baeb-d1676b5480cb-Culture_Communication.pdf
migration-export:cmrp5okwt006vrpypuel5r9vm,unresolved_subject,"No current Subject matches ""Financial Literacy"" (old programme ""Common Pool (VAC / AEC / SEC)"") — not found in the mapped programme(s), the elective pools, or anywhere else in the catalogue, including a conservative fuzzy pass.",Financial Literacy,/uploads/pyqs/1845b983-3976-4160-b2bb-4c7e77492bea-Financial_Literacy.pdf
migration-export:cmrp5ougl006xrpypwft5wt92,unresolved_subject,"No current Subject matches ""Vedic Mathematics"" (old programme ""Common Pool (VAC / AEC / SEC)"") — not found in the mapped programme(s), the elective pools, or anywhere else in the catalogue, including a conservative fuzzy pass.",Vedic Mathematics,/uploads/pyqs/5b4a642e-da09-4375-a82f-011856cd03dd-Vedic_Mathematics_1.pdf
migration-export:cmrp5oxqx006zrpyp27lj6k1s,unresolved_subject,"No current Subject matches ""Constitutional Values and Fundamental Duties"" (old programme ""Common Pool (VAC / AEC / SEC)"") — not found in the mapped programme(s), the elective pools, or anywhere else in the catalogue, including a conservative fuzzy pass.",Constitutional Values and Fundamental Duties,/uploads/pyqs/499bf762-19c6-41a9-a7ca-12702b1e8e6a-Constitutional_Values_Fundamental_Duties.pdf
migration-export:cmrp5p1950071rpyp2tgmf446,unresolved_subject,"No current Subject matches ""Art of Being Happy"" (old programme ""Common Pool (VAC / AEC / SEC)"") — not found in the mapped programme(s), the elective pools, or anywhere else in the catalogue, including a conservative fuzzy pass.",Art of Being Happy,/uploads/pyqs/18af6682-9964-4801-bbd6-56f93cbf14b0-The_Art_of_Being_Happy.pdf
migration-export:cmrp5pbbg0073rpyp9kv4cct6,unresolved_subject,"No current Subject matches ""Social & Emotional Learning"" (old programme ""Common Pool (VAC / AEC / SEC)"") — not found in the mapped programme(s), the elective pools, or anywhere else in the catalogue, including a conservative fuzzy pass.",Social & Emotional Learning,/uploads/pyqs/fcc5dbf5-3e56-46f7-afaa-4dbee9ef3fcf-Social_Emotional_Learning.pdf
migration-export:cmrp5pe920075rpypzs4m0137,unresolved_subject,"No current Subject matches ""Swachh Bharat"" (old programme ""Common Pool (VAC / AEC / SEC)"") — not found in the mapped programme(s), the elective pools, or anywhere else in the catalogue, including a conservative fuzzy pass.",Swachh Bharat,/uploads/pyqs/aaf9b804-eafc-4996-8486-e4ce59940b3e-Swachh_Bharat.pdf
migration-export:cmrp5pgnp0077rpypck3134u7,unresolved_subject,"No current Subject matches ""Ayurveda & Nutrition"" (old programme ""Common Pool (VAC / AEC / SEC)"") — not found in the mapped programme(s), the elective pools, or anywhere else in the catalogue, including a conservative fuzzy pass.",Ayurveda & Nutrition,/uploads/pyqs/19353375-4197-481e-8195-4f314ba89700-Ayurveda_Nutrition.pdf
migration-export:cmrp5pmht0079rpyp8p6y7m1r,unresolved_subject,"No current Subject matches ""Bhartiya Bhakti Parampara aur Manav Mulya"" (old programme ""Common Pool (VAC / AEC / SEC)"") — not found in the mapped programme(s), the elective pools, or anywhere else in the catalogue, including a conservative fuzzy pass.",Bhartiya Bhakti Parampara aur Manav Mulya,/uploads/pyqs/c3257e9b-109a-42f6-9e35-42474c8cae65-Bhartiya_Bhakti_Parampara_aur_Manav_Mulya.pdf
migration-export:cmrp5poxs007brpypaz8vcl65,unresolved_subject,"No current Subject matches ""SEC-4.1 — Emotional Intelligence"" (old programme ""B.Com. (Programme)"") — not found in the mapped programme(s), the elective pools, or anywhere else in the catalogue, including a conservative fuzzy pass.",SEC-4.1 — Emotional Intelligence,/uploads/pyqs/05d38200-b05e-4ce1-8499-e153155e6d42-Emotional_Intelligence.pdf
migration-export:cmrp5t5gy007grpyp750utsn6,unresolved_subject,"No current Subject matches ""HC31 — Intermediate Microeconomics I"" (old programme ""B.A. (Hons.) Economics"") — not found in the mapped programme(s), the elective pools, or anywhere else in the catalogue, including a conservative fuzzy pass.",HC31 — Intermediate Microeconomics I,/uploads/pyqs/2531db08-496f-43e3-b1ff-498957bfb39a-Intermediate_Microeconomics_1.pdf
migration-export:cmrp60imk007mrpypr63tbf15,unresolved_subject,"No current Subject matches ""HC11 — Mathematical Methods for Economics I"" (old programme ""B.A. (Hons.) Economics"") — not found in the mapped programme(s), the elective pools, or anywhere else in the catalogue, including a conservative fuzzy pass.",HC11 — Mathematical Methods for Economics I,/uploads/pyqs/095693cf-2a30-47c9-88f8-393416a99229-Advanced_Mathematical_Methods_for_Economics.pdf
migration-export:cmrp63e47007prpypyj4el69p,unresolved_subject,"No current Subject matches ""Hindi Aupcharik Lekhan"" (old programme ""Common Pool (VAC / AEC / SEC)"") — not found in the mapped programme(s), the elective pools, or anywhere else in the catalogue, including a conservative fuzzy pass.",Hindi Aupcharik Lekhan,/uploads/pyqs/e2fc56a4-33ef-4fc5-b3d8-55f3fa1ac232-Hindi_Aupcharik_Lekhan_B_4314.pdf
migration-export:cmrp63l9d007rrpyp4bpepk6s,unresolved_subject,"No current Subject matches ""Media Lekhan"" (old programme ""B.A. (Hons.) Hindi"") — not found in the mapped programme(s), the elective pools, or anywhere else in the catalogue, including a conservative fuzzy pass.",Media Lekhan,/uploads/pyqs/2eb4bc86-adbf-4bc2-b10c-451e25edb642-Social_Media_aur_Blog_Lekhan_C_4364.pdf
migration-export:cmrp63sqe007trpyp1zges47r,unresolved_subject,"No current Subject matches ""EVS   4451"" (old programme ""Common Pool (VAC / AEC / SEC)"") — not found in the mapped programme(s), the elective pools, or anywhere else in the catalogue, including a conservative fuzzy pass.",EVS   4451,/uploads/pyqs/b03039bf-cfe2-429d-ae45-2bd34299f1b5-EVS_4370.pdf
migration-export:cmrp65jkc007wrpypr50g8bqp,unresolved_subject,"Ambiguous: 2 Subjects in programme ""university-wide-ability-enhancement-course-pool/university-wide-skill-enhancement-course-pool/university-wide-value-addition-course-pool/university-wide-generic-elective-course-pool/university-wide-discipline-specific-elective-course-pool"" share a name match for ""Translation and Interpretation in Assamese"" (Translation and Interpretation in Assamese [sem 1]; Translation and Interpretation in Assamese [sem 2]) and old semester order (0) did not narrow it to one. Never auto-picked.",Translation and Interpretation in Assamese,/uploads/pyqs/0bb61ce8-e64e-48a1-95d4-b51b3748f1fc-Translation_Interpretation_In_Assamese_4343.pdf
migration-export:cmrp660ny007zrpyp2o4za7ty,unresolved_subject,"No match within the mapped/pool programme(s); a global fallback search found 6 Subjects with this name across different programmes (ba-prog-punjabi-as-major, ba-prog-punjabi-as-major, ba-prog-punjabi-as-minor, ba-prog-punjabi-as-minor, ba-hons-punjabi, ba-hons-punjabi) — ambiguous, never auto-picked.",Punjabi Bhasha da Mudhla Padhar,/uploads/pyqs/4462a205-9510-428d-a0c9-71396d0c1f67-Punjabhi_Bhasha_ate_Mudhla_Padhar_4340.pdf
migration-export:cmrp673xs0082rpyptnni749u,unresolved_subject,"No match within the mapped/pool programme(s); a global fallback search found 6 Subjects with this name across different programmes (ba-prog-punjabi-as-major, ba-prog-punjabi-as-major, ba-prog-punjabi-as-minor, ba-prog-punjabi-as-minor, ba-hons-punjabi, ba-hons-punjabi) — ambiguous, never auto-picked.",Punjabi Bhasha da Mudhla Padhar,/uploads/pyqs/dd094110-4578-4326-b0f9-a6c2bd4a693a-Punjabi_Bhasha_ate_Anuvad_4431.pdf
migration-export:cmrp678zp0084rpyp9ccv51ix,unresolved_subject,"Ambiguous: 2 Subjects in programme ""university-wide-ability-enhancement-course-pool/university-wide-skill-enhancement-course-pool/university-wide-value-addition-course-pool/university-wide-generic-elective-course-pool/university-wide-discipline-specific-elective-course-pool"" share a name match for ""Sanskrit C - Introduction to Sanskrit Language"" (Sanskrit C: Introduction to Sanskrit Language [sem 1]; Sanskrit C: Introduction to Sanskrit Language [sem 2]) and old semester order (0) did not narrow it to one. Never auto-picked.",Sanskrit C - Introduction to Sanskrit Language,/uploads/pyqs/2c7d433e-0465-4ba6-b3e2-dbe37a4c4c4e-Introduction_to_Sanskrit_Language_C_4305.pdf
migration-export:cmrp67em10086rpypov0lrlav,unresolved_subject,"Ambiguous: 2 Subjects in programme ""university-wide-ability-enhancement-course-pool/university-wide-skill-enhancement-course-pool/university-wide-value-addition-course-pool/university-wide-generic-elective-course-pool/university-wide-discipline-specific-elective-course-pool"" share a name match for ""Sanskrit C - Introduction to Sanskrit Language"" (Sanskrit C: Introduction to Sanskrit Language [sem 1]; Sanskrit C: Introduction to Sanskrit Language [sem 2]) and old semester order (0) did not narrow it to one. Never auto-picked.",Sanskrit C - Introduction to Sanskrit Language,/uploads/pyqs/40f8cee9-7019-413b-a519-cd35a02cd257-Introduction_to_Sanskrit_Language_C_4338.pdf
migration-export:cmrp67qyv0088rpypxm83wjvz,unresolved_subject,"No current Subject matches ""Vyavharik Hindi   4520"" (old programme ""Common Pool (VAC / AEC / SEC)"") — not found in the mapped programme(s), the elective pools, or anywhere else in the catalogue, including a conservative fuzzy pass.",Vyavharik Hindi   4520,/uploads/pyqs/92ee112d-0a6a-4c90-a60a-52184dbb5f1d-Vyavharik_Hindi_A_4384.pdf
migration-export:cmrp6848g008arpypusqfrtvg,unresolved_subject,"Ambiguous: 2 Subjects in programme ""university-wide-ability-enhancement-course-pool/university-wide-skill-enhancement-course-pool/university-wide-value-addition-course-pool/university-wide-generic-elective-course-pool/university-wide-discipline-specific-elective-course-pool"" share a name match for ""Basic Assamese"" (Basic Assamese [sem 1]; Basic Assamese [sem 2]) and old semester order (0) did not narrow it to one. Never auto-picked.",Basic Assamese,/uploads/pyqs/84a99f12-eff1-404a-ba04-68434a504baf-Basic_Assamese_4317.pdf
migration-export:cmrp68b9a008crpypvilgntwu,unresolved_subject,"No current Subject matches ""Rachnatmak Lekhan"" (old programme ""Common Pool (VAC / AEC / SEC)"") — not found in the mapped programme(s), the elective pools, or anywhere else in the catalogue, including a conservative fuzzy pass.",Rachnatmak Lekhan,/uploads/pyqs/f74e42cc-bf44-4550-b3cf-2ce4289a6eb1-Jansanchar_aur_Rachnatmak_Lekhan_B_299.pdf
migration-export:cmrp68rpu008erpyp2gq92872,unresolved_subject,"Ambiguous: 2 Subjects in programme ""university-wide-ability-enhancement-course-pool/university-wide-skill-enhancement-course-pool/university-wide-value-addition-course-pool/university-wide-generic-elective-course-pool/university-wide-discipline-specific-elective-course-pool"" share a name match for ""Basic Manipuri"" (Basic Manipuri [sem 1]; Basic Manipuri [sem 2]) and old semester order (0) did not narrow it to one. Never auto-picked.",Basic Manipuri,/uploads/pyqs/d8a36c78-9cb8-400d-bb1d-0d36044cc36b-Basic_Manipuri_4327.pdf
migration-export:cmrp693mn008grpypdogl5k1w,unresolved_subject,"No current Subject matches ""Media Lekhan"" (old programme ""B.A. (Hons.) Hindi"") — not found in the mapped programme(s), the elective pools, or anywhere else in the catalogue, including a conservative fuzzy pass.",Media Lekhan,/uploads/pyqs/d9592255-525f-4438-af52-deb19e1ea8f6-Social_Media_aur_Blog_Lekhan_C_4313.pdf
migration-export:cmrp69978008irpypiic6wmbe,unresolved_subject,"No current Subject matches ""Journalistic Writing in Assamese   4555"" (old programme ""Common Pool (VAC / AEC / SEC)"") — not found in the mapped programme(s), the elective pools, or anywhere else in the catalogue, including a conservative fuzzy pass.",Journalistic Writing in Assamese   4555,/uploads/pyqs/9fdcb725-1ebd-4297-a2e5-977b12dc8680-Journalistic_Writing_in_Manipuri_4423.pdf
migration-export:cmrp69gp8008krpypycxasdhm,unresolved_subject,"No match within the mapped/pool programme(s); a global fallback search found 3 Subjects with this name across different programmes (b-voc-banking-operations, bachelor-of-management-studies, bachelor-of-management-studies) — ambiguous, never auto-picked.",SEC-4.3 — Customer Relationship Management,/uploads/pyqs/80bf4d2c-51ab-44b1-aa84-76735fa8e4ac-Course_C_4369.pdf
migration-export:cmrp69n8z008nrpypx2jsv0jp,unresolved_subject,"No current Subject matches ""Hindi Bhasha: Vyavaharik Vyakaran"" (old programme ""B.A. (Hons.) Hindi"") — not found in the mapped programme(s), the elective pools, or anywhere else in the catalogue, including a conservative fuzzy pass.",Hindi Bhasha: Vyavaharik Vyakaran,/uploads/pyqs/5b548a92-bd0e-4c6f-9b93-5b20d2940007-Hindi_Bhasha_A_4366.pdf
migration-export:cmrp69vgx008qrpype691vgcz,unresolved_subject,"No current Subject matches ""British Romantic Literature / British Literature: 19th C"" (old programme ""B.A. (Hons.) English"") — not found in the mapped programme(s), the elective pools, or anywhere else in the catalogue, including a conservative fuzzy pass.",British Romantic Literature / British Literature: 19th C,/uploads/pyqs/0b394a7f-7ae3-4d0d-9e3e-9d256b679501-Romantic_Literature.pdf
migration-export:cmrp6a0fu008trpyp5bmq967e,unresolved_subject,"No current Subject matches ""Hindi Aupcharik Lekhan"" (old programme ""Common Pool (VAC / AEC / SEC)"") — not found in the mapped programme(s), the elective pools, or anywhere else in the catalogue, including a conservative fuzzy pass.",Hindi Aupcharik Lekhan,/uploads/pyqs/e2cac464-8c83-4408-b028-44977f6df407-Hindi_Aupcharik_Lekhan_B_4365.pdf
migration-export:cmrp6a6zs008vrpyp183cq3cq,unresolved_subject,"No current Subject matches ""Rachnatmak Lekhan"" (old programme ""Common Pool (VAC / AEC / SEC)"") — not found in the mapped programme(s), the elective pools, or anywhere else in the catalogue, including a conservative fuzzy pass.",Rachnatmak Lekhan,/uploads/pyqs/28e28635-b7cd-4e68-b41d-6d429eeea38e-Jansanchar_aur_Rachnatmak_Lekhan_B_4440.pdf
migration-export:cmrp6au6n008zrpypd1qespph,unresolved_subject,"No current Subject matches ""Hindi Bhasha: Vyavaharik Vyakaran"" (old programme ""B.A. (Hons.) Hindi"") — not found in the mapped programme(s), the elective pools, or anywhere else in the catalogue, including a conservative fuzzy pass.",Hindi Bhasha: Vyavaharik Vyakaran,/uploads/pyqs/0379a879-e63d-4b09-be03-1e1033455e3d-Hindi_Bhasha_aur_Takneek_C_4386.pdf
migration-export:cmrp6b3f70092rpypo1ze1c60,unresolved_subject,"No current Subject matches ""Sanskrit B - Introductory Upanishad and Gita"" (old programme ""Common Pool (VAC / AEC / SEC)"") — not found in the mapped programme(s), the elective pools, or anywhere else in the catalogue, including a conservative fuzzy pass.",Sanskrit B - Introductory Upanishad and Gita,/uploads/pyqs/6de60403-5ed3-4b2f-a777-52d990e788e0-Introductory_Upanishad_Geeta_B_4306.pdf
migration-export:cmrp6cuv60095rpypgv3teyti,unresolved_subject,"No current Subject matches ""British Romantic Literature / British Literature: 19th C"" (old programme ""B.A. (Hons.) English"") — not found in the mapped programme(s), the elective pools, or anywhere else in the catalogue, including a conservative fuzzy pass.",British Romantic Literature / British Literature: 19th C,/uploads/pyqs/3d03d5e8-74ab-41da-b568-6d3bb34d4706-Romantic_Literature_6304.pdf
migration-export:cmrp6cuvo0097rpypr2giq1fk,unresolved_subject,"No current Subject matches ""Vyavharik Hindi   4520"" (old programme ""Common Pool (VAC / AEC / SEC)"") — not found in the mapped programme(s), the elective pools, or anywhere else in the catalogue, including a conservative fuzzy pass.",Vyavharik Hindi   4520,/uploads/pyqs/bdd3bddf-b1cd-40ec-aad1-00344d9964a5-Vyavharik_Hindi_A_4441.pdf
migration-export:cmrp6ddwo009arpyphsokcp1u,unresolved_subject,"No current Subject matches ""Hindi Bhasha: Vyavaharik Vyakaran"" (old programme ""B.A. (Hons.) Hindi"") — not found in the mapped programme(s), the elective pools, or anywhere else in the catalogue, including a conservative fuzzy pass.",Hindi Bhasha: Vyavaharik Vyakaran,/uploads/pyqs/93258cad-ab45-4513-a8c2-1b2213cb2afd-Hindi_Bhasha_A_4315.pdf
migration-export:cmrp6efvf009frpyppbdaitil,unresolved_subject,"Ambiguous: 2 Subjects in programme ""university-wide-ability-enhancement-course-pool/university-wide-skill-enhancement-course-pool/university-wide-value-addition-course-pool/university-wide-generic-elective-course-pool/university-wide-discipline-specific-elective-course-pool"" share a name match for ""Basic Kannada"" (Basic Kannada [sem 1]; Basic Kannada [sem 2]) and old semester order (0) did not narrow it to one. Never auto-picked.",Basic Kannada,/uploads/pyqs/08e5a0f1-197d-4ab7-90f1-f0253d27dd48-Basic_Kannada_4322.pdf
migration-export:cmrp6f4u9009hrpypyae59h3m,unresolved_subject,"No match within the mapped/pool programme(s); a global fallback search found 6 Subjects with this name across different programmes (ba-prog-punjabi-as-major, ba-prog-punjabi-as-major, ba-prog-punjabi-as-minor, ba-prog-punjabi-as-minor, ba-hons-punjabi, ba-hons-punjabi) — ambiguous, never auto-picked.",Punjabi Bhasha da Mudhla Padhar,/uploads/pyqs/7cacdd04-a070-4ae8-83b6-8e6b882e112a-Punjabhi_Bhasha_ate_Mudhla_Padhar_4307.pdf
migration-export:cmrp6fdmz009jrpypivsjlofy,unresolved_subject,"Ambiguous: 2 Subjects in programme ""university-wide-ability-enhancement-course-pool/university-wide-skill-enhancement-course-pool/university-wide-value-addition-course-pool/university-wide-generic-elective-course-pool/university-wide-discipline-specific-elective-course-pool"" share a name match for ""Basic Malayalam"" (Basic Malayalam [sem 1]; Basic Malayalam [sem 2]) and old semester order (0) did not narrow it to one. Never auto-picked.",Basic Malayalam,/uploads/pyqs/1be3eb37-927a-48aa-8d4f-f187152f1856-Basic_in_Malayalam_4326.pdf
migration-export:cmrp6fu0v009nrpyp2s7nt6vs,unresolved_subject,"No current Subject matches ""Hindi Bhasha: Vyavaharik Vyakaran"" (old programme ""B.A. (Hons.) Hindi"") — not found in the mapped programme(s), the elective pools, or anywhere else in the catalogue, including a conservative fuzzy pass.",Hindi Bhasha: Vyavaharik Vyakaran,/uploads/pyqs/a8e8c626-bd27-4801-8f72-df36c2332838-Hindi_Bhasha_aur_Takneek_C_4443.pdf
migration-export:cmrp6g7ql009prpypu7svorxd,unresolved_subject,"No match within the mapped/pool programme(s); a global fallback search found 6 Subjects with this name across different programmes (ba-prog-punjabi-as-major, ba-prog-punjabi-as-major, ba-prog-punjabi-as-minor, ba-prog-punjabi-as-minor, ba-hons-punjabi, ba-hons-punjabi) — ambiguous, never auto-picked.",Punjabi Bhasha da Mudhla Padhar,/uploads/pyqs/bb3e7c32-b0b6-4ed3-a9aa-8c5e6846bbd1-Punjabi_Bhasha_ate_Anuvad_4373.pdf
migration-export:cmrp6gh70009rrpypuqlvz2bn,unresolved_subject,"No current Subject matches ""EVS   4451"" (old programme ""Common Pool (VAC / AEC / SEC)"") — not found in the mapped programme(s), the elective pools, or anywhere else in the catalogue, including a conservative fuzzy pass.",EVS   4451,/uploads/pyqs/2c6fae19-2f9b-442d-bc1d-d3a1e0b4c56c-EVS_4391.pdf
migration-export:cmrp6gtpp009trpypxsh4uwe2,unresolved_subject,"Ambiguous: 2 Subjects in programme ""university-wide-ability-enhancement-course-pool/university-wide-skill-enhancement-course-pool/university-wide-value-addition-course-pool/university-wide-generic-elective-course-pool/university-wide-discipline-specific-elective-course-pool"" share a name match for ""Translation and Interpretation in Manipuri"" (Translation and Interpretation in Manipuri [sem 1]; Translation and Interpretation in Manipuri [sem 2]) and old semester order (0) did not narrow it to one. Never auto-picked.",Translation and Interpretation in Manipuri,/uploads/pyqs/4fd95cbe-77fb-4099-a6be-f843df5b0609-Translation_Interpretation_In_Manipuri_4352.pdf
migration-export:cmrp6hc70009wrpypzvq1mjhi,unresolved_subject,"No current Subject matches ""HC51 — Indian Economy I"" (old programme ""B.A. (Hons.) Economics"") — not found in the mapped programme(s), the elective pools, or anywhere else in the catalogue, including a conservative fuzzy pass.",HC51 — Indian Economy I,/uploads/pyqs/f79c9b9d-8c4e-488a-b652-f6a5ba6133d7-Sectoral_Issues_in_Indian_Economy_6873.pdf
migration-export:cmrp6hnqm009yrpypn0ochykn,unresolved_subject,"No match within the mapped/pool programme(s); a global fallback search found 4 Subjects with this name across different programmes (ba-prog-mathematics-as-major, ba-prog-with-mathematics-as-minor, bsc-hons-mathematics, bsc-prog-physical-sciences-courses-pertaining-to-mathematical-sciences) — ambiguous, never auto-picked.",Introduction to Linear Algebra,/uploads/pyqs/f61dd036-c58d-4591-b297-346d8a964ddd-Intro_to_Linear_Algebra_6549.pdf
migration-export:cmrp6hnr100a0rpyp9eed8nda,rejected,Probable duplicate (SAME_RESOURCE or UNRESOLVED_DUPLICATE) — see probableDuplicateGroups in the report.,Literature and Human Rights,/uploads/pyqs/783b42bc-d858-45a5-aa32-48ca55d1a5b6-Literature_Human_Rights.pdf
migration-export:cmrp6i66600a4rpypxhknw44x,unresolved_subject,"No current Subject matches ""HC51 — Indian Economy I"" (old programme ""B.A. (Hons.) Economics"") — not found in the mapped programme(s), the elective pools, or anywhere else in the catalogue, including a conservative fuzzy pass.",HC51 — Indian Economy I,/uploads/pyqs/f73b9d7c-31fc-495b-b8aa-057e79c54872-Sectoral_Issues_in_Indian_Economy_7550.pdf
migration-export:cmrp6iltu00a8rpyppbeg9c3y,unresolved_subject,"No current Subject matches ""HC51 — Indian Economy I"" (old programme ""B.A. (Hons.) Economics"") — not found in the mapped programme(s), the elective pools, or anywhere else in the catalogue, including a conservative fuzzy pass.",HC51 — Indian Economy I,/uploads/pyqs/75626eaf-40d0-4d88-aab4-553b2c3710f2-Sectoral_Issues_in_Indian_Economy_193.pdf
migration-export:cmrp6lzwn00alrpyptyuf92uu,unresolved_subject,"No current Subject matches ""HC51 — Indian Economy I"" (old programme ""B.A. (Hons.) Economics"") — not found in the mapped programme(s), the elective pools, or anywhere else in the catalogue, including a conservative fuzzy pass.",HC51 — Indian Economy I,/uploads/pyqs/ec46e8cd-fe87-4db4-b44c-415681cac1eb-Ancient_Indian_Economy_5233.pdf
migration-export:cmrp6m6q500aprpypofffw8th,unresolved_subject,"No current Subject matches ""Hindi Bhasha: Vyavaharik Vyakaran"" (old programme ""B.A. (Hons.) Hindi"") — not found in the mapped programme(s), the elective pools, or anywhere else in the catalogue, including a conservative fuzzy pass.",Hindi Bhasha: Vyavaharik Vyakaran,/uploads/pyqs/7dd2af61-002e-4c6c-97c5-854c4f2ae878-Hindi_Bhasha_Aur_Sahitya_A_6534.pdf
migration-export:cmrp6o36b00arrpyp6wnmfpr5,unresolved_subject,"No current Subject matches ""Political Processes in Comparative Perspective"" (old programme ""B.A. (Hons.) Political Science"") — not found in the mapped programme(s), the elective pools, or anywhere else in the catalogue, including a conservative fuzzy pass.",Political Processes in Comparative Perspective,/uploads/pyqs/9e48178c-1253-4a1d-a397-63b0ab74d514-Comparative_Political_Systems_2327.pdf
