course,subject,yearrange,semestergroup,semester,fileurl,filename,note
B. Voc – Banking Operations,Computers Applications in Business,2023-2024,"II,IV,VI",4,https://drive.google.com/file/d/1ozpsMc4xcxfbR1XdBf0JHuWg3dztl7tU/view,Computers_Applications_in_Business__Sem-IV__UPC-22411403_OC__QP-NA.pdf,UPC: 22411403_OC | Scheme: Old Course (OC)
B.A. (Hons.) Social Work,Human Resource Management,2023-2024,"II,IV,VI",2,https://drive.google.com/file/d/1suU4cAh44pfUpTbGubl47MWLg3G5gMJp/view,Human_Resource_Management__Sem-II__UPC-2412091203__QP-3846.pdf,UPC: 2412091203 | QP: 3846 | Type: DSC/Core
B.A. (V.S.) Insurance Management,Fundamentals of Investment,2023-2024,"II,IV,VI",6,https://drive.google.com/file/d/1GONgTM6H1mRGrFzNdj9bFQlu1EJI_2Au/view,Fundamentals_of_Investment__Sem-VI__UPC-22417601__QP-NA.pdf,UPC: 22417601
B.A. (V.S.) Modern Office Management,Business Laws,2023-2024,"II,IV,VI",2,https://drive.google.com/file/d/1PjoUJo9QJfsLUNlPTvA7U4fNn1DMaTwE/view,Business_Laws__Sem-II__UPC-52411201__QP-4370.pdf,UPC: 52411201 | QP: 4370
B.A. (V.S.) Modern Office Management,Company Law,2023-2024,"II,IV,VI",2,https://drive.google.com/file/d/1epmQIx-LIDyk8Ryxg2nwaIh2N9JHXxj-/view,Company_Law__Sem-II__UPC-2412091202__QP-3844.pdf,UPC: 2412091202 | QP: 3844 | Type: DSC/Core
B.A. (V.S.) Small And Medium Enterprise,Corporate Laws,2023-2024,"II,IV,VI",2,https://drive.google.com/file/d/1tlQxkQLgSK2J02TjGyvXOR5y3gyMymQ5/view,Corporate_Laws__Sem-II__UPC-22411202_OC__QP-NA.pdf,UPC: 22411202_OC | Scheme: Old Course (OC)
B.A. Programme,Fundamentals of Business Organisation for Entrepreneurs,2023-2024,"II,IV,VI",2,https://drive.google.com/file/d/1ZwUbQcdB8rNc_hTz4TGAXnkvHmBdqqEK/view,Fundamentals_of_Business_Organisation_for_Entrepreneurs__Sem-II__UPC-2412251101__QP-6520.pdf,UPC: 2412251101 | QP: 6520
B.A. Programme,Fundamentals of Entrepreneurship,2024-2025,"II,IV,VI",2,https://drive.google.com/file/d/1LWmnmS0I8fS8w3doYxlaRCHc77jGhjh1/view,Fundamentals_of_Entrepreneurship__Sem-II__UPC-2412251201__QP-7669.pdf,UPC: 2412251201 | QP: 7669
B.A. Programme,Fundamentals of Entrepreneurship,2024-2025,"II,IV,VI",2,https://drive.google.com/file/d/1jheJIDlfOuuL62GToGNPcapS3pY-K0bq/view,Fundamentals_of_Entrepreneurship__Sem-II__UPC-2412251201__QP-7711.pdf,UPC: 2412251201 | QP: 7711
B.A. Programme,Business Laws,2023-2024,"I,III,V",3,https://drive.google.com/file/d/1KS5qjm5eZ8q1V_KXu-ZzxcMF79oEPMex/view,Business_Laws__Sem-III__UPC-2412202302__QP-6715.pdf,UPC: 2412202302 | QP: 6715
B.A. Programme,Launching A New Venture,2024-2025,"II,IV,VI",4,https://drive.google.com/file/d/1FJf8EBa92go1YhqTlwanYyM6xkEt5mAk/view,Launching_A_New_Venture__Sem-IV__UPC-2412252401__QP-7314.pdf,UPC: 2412252401 | QP: 7314
B.A. Programme,Launching A New Venture,2024-2025,"II,IV,VI",4,https://drive.google.com/file/d/1jDB3yOFw2-WXBSUl0EOYX9Ew39jFigjH/view,Launching_A_New_Venture__Sem-IV__UPC-2412252401__QP-7429.pdf,UPC: 2412252401 | QP: 7429
B.A. Programme,Principles of Management,2024-2025,"II,IV,VI",4,https://drive.google.com/file/d/1lpm0b3s3wNnbj0yEnkhEg2xo-12RgzFQ/view,Principles_of_Management__Sem-IV__UPC-2412202402__QP-8100.pdf,UPC: 2412202402 | QP: 8100
B.A. Programme,Practical Aspects of Entrepreneurship,2023-2024,"I,III,V",5,https://drive.google.com/file/d/1UMG1rIReT9561W3NlpFYyDotSgxPZOaE/view,Practical_Aspects_of_Entrepreneurship__Sem-V__UPC-2412253501__QP-6263.pdf,UPC: 2412253501 | QP: 6263
B.A. Programme,Practical Aspects of Entrepreneurship,2023-2024,"I,III,V",5,https://drive.google.com/file/d/1Uceth9H56kMXgC6aM37CJ-Ns__YMGF2z/view,Practical_Aspects_of_Entrepreneurship__Sem-V__UPC-2412253501__QP-6429.pdf,UPC: 2412253501 | QP: 6429
B.A. Programme,Company Law,2024-2025,"II,IV,VI",6,https://drive.google.com/file/d/1x95qUfEBKEhw03oWSK2zmt36w7fe51rQ/view,Company_Law__Sem-VI__UPC-2412253602__QP-7465.pdf,UPC: 2412253602 | QP: 7465
B.A. Programme,Feasibility Study and Business Plan,2024-2025,"II,IV,VI",6,https://drive.google.com/file/d/1r6SinXUdIzUMpRnkLWveXhPaz4wjDRLi/view,Feasibility_Study_and_Business_Plan__Sem-VI__UPC-2413250004__QP-7567.pdf,UPC: 2413250004 | QP: 7567
B.A. Programme,Managerial and Marketing Aspects of Small Business,2024-2025,"II,IV,VI",6,https://drive.google.com/file/d/1JUyfwYrBW_zAf7LEMo2SsHQC6zHa5yAN/view,Managerial_and_Marketing_Aspects_of_Small_Business__Sem-VI__UPC-2412253601__QP-7355.pdf,UPC: 2412253601 | QP: 7355
B.A. Programme,Creativity and Innovation,2023-2024,"I,III,V,VII",7,https://drive.google.com/file/d/1YXOplFunToRvaHJNHZALVPS-Xsef0PX_/view,Creativity_and_Innovation__Sem-VII__UPC-2413250009__QP-10621.pdf,UPC: 2413250009 | QP: 10621
B.Com. (Hons.),Business Mathematics and Statistics,2023-2024,"II,IV,VI",2,https://drive.google.com/file/d/1tpbIVQSNfq2xA3NXDnGUPvh-qSGFi1ry/view,Business_Mathematics_and_Statistics__Sem-II__UPC-52411202__QP-4377.pdf,UPC: 52411202 | QP: 4377
B.Com. (Hons.),Family Business Management,2023-2024,"II,IV,VI",2,https://drive.google.com/file/d/1XrY7C-pUgR7n_DGEO0Vxv4VfVJ4ZoXfg/view,Family_Business_Management__Sem-II__UPC-2924001205__QP-6066.pdf,UPC: 2924001205 | QP: 6066
B.Com. (Hons.),Financial Accounting,2023-2024,"II,IV,VI",2,https://drive.google.com/file/d/1eifZWrfuYoYweUHoQYcppSk_m-_OS4h2/view,Financial_Accounting__Sem-II__UPC-2412201202__QP-1458.pdf,UPC: 2412201202 | QP: 1458
B.Com. (Hons.),Hindi - A,2023-2024,"II,IV,VI",2,https://drive.google.com/file/d/1aVVpS8DgU-tzI4RgC7eBxa6cLx1lQRsF/view,Hindi_-_A__Sem-II__UPC-52051221__QP-4404.pdf,UPC: 52051221 | QP: 4404
B.Com. (Hons.),Business Mathematics,2023-2024,"II,IV,VI",4,https://drive.google.com/file/d/137sq4sH_wWWELLJRzCDzBYyf9eJmCPr1/view,Business_Mathematics__Sem-IV__UPC-22411402_OC__QP-NA.pdf,UPC: 22411402_OC | Scheme: Old Course (OC)
B.Com. (Hons.),E-Commerce,2023-2024,"II,IV,VI",4,https://drive.google.com/file/d/1gvxzEKKuhNGuSwLNN83EkDMoChpgl-4I/view,E-Commerce__Sem-IV__UPC-62413424__QP-1914.pdf,UPC: 62413424 | QP: 1914
B.Com. (Hons.),"Advertising, Personal Selling and Salesmanship",2023-2024,"II,IV,VI",6,https://drive.google.com/file/d/1yaRgCyTa9GF1kPmQiYdHgduEygD5tkDd/view,Advertising_Personal_Selling_and_Salesmanship__Sem-VI__UPC-52413613__QP-555.pdf,UPC: 52413613 | QP: 555
B.Com. (Hons.),Auditing and Corporate Governance,2023-2024,"II,IV,VI",6,https://drive.google.com/file/d/1Ky_5SvOX1N7t5dnf-8EjjNm33Or-J0_i/view,Auditing_and_Corporate_Governance__Sem-VI__UPC-22411601__QP-NA.pdf,UPC: 22411601
B.Com. (Hons.),Business Management,2023-2024,"II,IV,VI",6,https://drive.google.com/file/d/1_EEPArhr_85UlZWBgpd56YozMiE_QkTF/view,Business_Management__Sem-VI__UPC-62415602__QP-2003.pdf,UPC: 62415602 | QP: 2003
B.Com. (Hons.),Goods and Service Tax and Customs Law,2023-2024,"II,IV,VI",6,https://drive.google.com/file/d/1ZlpxVbJfZos9zpmCepaBJu7RX_v37my1/view,Goods_and_Service_Tax_and_Customs_Law__Sem-VI__UPC-22411602__QP-NA.pdf,UPC: 22411602
B.Com. (Hons.),Personal Selling and Salesmanship,2023-2024,"II,IV,VI",6,https://drive.google.com/file/d/12p8PLNg9qLTUj6CzV_wmPbOjuEIwNJHP/view,Personal_Selling_and_Salesmanship__Sem-VI__UPC-62413635__QP-1820.pdf,UPC: 62413635 | QP: 1820
B.Com. / B.A. (Common),Finance for Everyone,2023-2024,"I,III,V",1,https://drive.google.com/file/d/1Fr5pX9sGiArFNgBv1CroDwJ-i1z-pLBB/view,Finance_for_Everyone__Sem-I_III_V__UPC-2416000002__QP-11788.pdf,UPC: 2416000002 | QP: 11788
B.Com. / B.A. (Common),Finance for Everyone,2024-2025,"II,IV,VI",2,https://drive.google.com/file/d/1yoEVMbZpZvboT-61DXBa2Eym8UGzR85O/view,Finance_for_Everyone__Sem-II_IV_VI__UPC-2416000002__QP-3913.pdf,UPC: 2416000002 | QP: 3913
B.Com. / B.A. (Common),Finance for Everyone,2024-2025,"II,IV,VI",2,https://drive.google.com/file/d/1bjE_tBgWdckt4YP5hDPLXI9K2gtXHb9V/view,Finance_for_Everyone__Sem-II_IV_VI__UPC-2416000002__QP-3949.pdf,UPC: 2416000002 | QP: 3949
B.Com. / B.A. (Common),Finance for Everyone,2024-2025,"II,IV,VI",2,https://drive.google.com/file/d/1qN6vNhWfMKMGE5UHRwSNqdRn9BqsMO_2/view,Finance_for_Everyone__Sem-II_IV_VI__UPC-2416000002__QP-8106.pdf,UPC: 2416000002 | QP: 8106
B.Com. / B.A. (Common),Finance for Everyone,2024-2025,"II,IV,VI",2,https://drive.google.com/file/d/1ps9BHDSUgzUK1chte5uKeJtX-h1dMZel/view,Finance_for_Everyone__Sem-II_IV_VI__UPC-2416000002__QP-8107.pdf,UPC: 2416000002 | QP: 8107
B.Com. / B.A. (Common),Investing in Stock Markets,2023-2024,"II,IV,VI",2,https://drive.google.com/file/d/1uDZwPEk3ezUgx6QLxdavR-Lm5nQdo_au/view,Investing_in_Stock_Markets__Sem-II__UPC-22415202_OC__QP-NA.pdf,UPC: 22415202_OC | Scheme: Old Course (OC)
B.Com. / B.A. (Common),Personal Financial Planning,2024-2025,"II,IV,VI",2,https://drive.google.com/file/d/1lRdjSNC11VLcZKPPPNASCSO4j7LqMYZc/view,Personal_Financial_Planning__Sem-II_IV_VI__UPC-2416000004__QP-3852.pdf,UPC: 2416000004 | QP: 3852 | Type: SEC
B.Com. / B.A. (Common),Personal Financial Planning,2024-2025,"II,IV,VI",2,https://drive.google.com/file/d/1wDnA51CmlPbHoLyh7OzrfSvP96yjitD6/view,Personal_Financial_Planning__Sem-II_IV_VI__UPC-2416000004__QP-3888.pdf,UPC: 2416000004 | QP: 3888 | Type: SEC
B.Com. / B.A. (Common),Personal Financial Planning,2024-2025,"II,IV,VI",2,https://drive.google.com/file/d/1Rzf5JMAP4_5mNxise2TouqQRckYEMihk/view,Personal_Financial_Planning__Sem-II_IV_VI__UPC-2416000004__QP-3960.pdf,UPC: 2416000004 | QP: 3960 | Type: SEC
B.Com. / B.A. (Common),Personal Financial Planning,2024-2025,"II,IV,VI",2,https://drive.google.com/file/d/1NJ3ya95yrhUfynAV60Yd566vSrO4atZ7/view,Personal_Financial_Planning__Sem-II_IV_VI__UPC-2416000004__QP-3994.pdf,UPC: 2416000004 | QP: 3994 | Type: SEC
B.Com. / B.A. (Common),Personal Financial Planning,2024-2025,"II,IV,VI",2,https://drive.google.com/file/d/1MQJIKGGM6jZxUxDfqtXaFvFJJPpWWSoD/view,Personal_Financial_Planning__Sem-II_IV_VI__UPC-2416000004__QP-4026.pdf,UPC: 2416000004 | QP: 4026 | Type: SEC
B.Com. Programme,Business Laws,2023-2024,"I,III,V",1,https://drive.google.com/file/d/1SUNE_bSqMVDV2VzaLtpoTiKQ0-0voecG/view,Business_Laws__Sem-I__UPC-2412091102__QP-7503.pdf,UPC: 2412091102 | QP: 7503 | Type: DSC/Core
B.Com. Programme,Business Organisation and Management,2023-2024,"I,III,V",1,https://drive.google.com/file/d/1jlI4dnCw4UwKkTLWPH_5SKZl5hIoKPLN/view,Business_Organisation_and_Management__Sem-I__UPC-2412091101__QP-7503A.pdf,UPC: 2412091101 | QP: 7503A | Type: DSC/Core
B.Com. Programme,Financial Accounting,2023-2024,"I,III,V",1,https://drive.google.com/file/d/1MDLsPdrq2yMHuLuhewgSm3inxSwXM9FP/view,Financial_Accounting__Sem-I__UPC-2412091103__QP-7519.pdf,UPC: 2412091103 | QP: 7519 | Type: DSC/Core
B.Com. Programme,Corporate Accounting,2024-2025,"II,IV,VI",2,https://drive.google.com/file/d/1R7iIfbpcHvyO8uhkoWsw5J49D0Qog2yt/view,Corporate_Accounting__Sem-II__UPC-2412091201__QP-3666.pdf,UPC: 2412091201 | QP: 3666 | Type: DSC/Core
B.Com. Programme,Principles of Marketing,2023-2024,"I,III,V",3,https://drive.google.com/file/d/1-7HYbSeZAzA-_eI8aIDRpMIReXnPen54/view,Principles_of_Marketing__Sem-III__UPC-2412092303__QP-7518.pdf,UPC: 2412092303 | QP: 7518 | Type: DSC/Core
B.Com. Programme,Entrepreneurship & New Venture Planning,2024-2025,"II,IV,VI",4,https://drive.google.com/file/d/1hL8QM8_1v3wOYIRAV2zGnuyhh5Vf7mef/view,Entrepreneurship_and_New_Venture_Planning__Sem-IV__UPC-2412092401__QP-3652.pdf,UPC: 2412092401 | QP: 3652 | Type: DSC/Core
B.Com. Programme,Business Economics,2023-2024,"I,III,V",5,https://drive.google.com/file/d/1dS2I-uRu_3aa6WM9vH579VDdBO4HuJbo/view,Business_Economics__Sem-V__UPC-2412093502__QP-7506.pdf,UPC: 2412093502 | QP: 7506 | Type: DSC/Core
B.Com. Programme,Financial Markets and Institutions,2023-2024,"I,III,V",5,https://drive.google.com/file/d/1wuKv05I2G6mR2eXf8eTjAJ0WGTFNP9Hb/view,Financial_Markets_and_Institutions__Sem-V__UPC-2413090002__QP-7511.pdf,UPC: 2413090002 | QP: 7511 | Type: DSE
B.Com. Programme,Fundamentals of Financial Management,2023-2024,"I,III,V",5,https://drive.google.com/file/d/1AthUpxSeHiKVlDBzIil1Re8xRq23UsZT/view,Fundamentals_of_Financial_Management__Sem-V__UPC-52417505__QP-2516.pdf,UPC: 52417505 | QP: 2516
B.Com. Programme,Income Tax Law and Practice,2023-2024,"I,III,V",5,https://drive.google.com/file/d/1D8e0-1okx1xEno7dnqWp25FTCd51H-Vb/view,Income_Tax_Law_and_Practice__Sem-V__UPC-2412093501__QP-7501.pdf,UPC: 2412093501 | QP: 7501 | Type: DSC/Core
B.Com. Programme,Organisational Behaviour,2023-2024,"I,III,V",5,https://drive.google.com/file/d/1kEEPfJrPaGSlpoU9ytzWiWWL3l3K4uso/view,Organisational_Behaviour__Sem-V__UPC-2413090001__QP-7510.pdf,UPC: 2413090001 | QP: 7510 | Type: DSE
B.Com. Programme,Business Research Methodology,2024-2025,"II,IV,VI",6,https://drive.google.com/file/d/1IQhxgFvwpzKeJZ3XwozkvC69J_g7xiZD/view,Business_Research_Methodology__Sem-VI__UPC-2413080026__QP-3657.pdf,UPC: 2413080026 | QP: 3657 | Type: DSE
B.Com. Programme,Corporate Governance,2024-2025,"II,IV,VI",6,https://drive.google.com/file/d/1fXCFYUr7PIvIaNPNk7p71zXHJIgw0ZjJ/view,Corporate_Governance__Sem-VI__UPC-2412093602__QP-3653.pdf,UPC: 2412093602 | QP: 3653 | Type: DSC/Core
B.Com. Programme,Business and Macroeconomic Policy,2023-2024,"I,III,V,VII",7,https://drive.google.com/file/d/1MylhJfPwGdQw2khHAW6lvpf2uBHuQb2h/view,Business_and_Macroeconomic_Policy__Sem-VII__UPC-2412094701__QP-7504.pdf,UPC: 2412094701 | QP: 7504 | Type: DSC/Core
B.Com. Programme,Consumer Affairs and Sovereignty,2023-2024,"I,III,V,VII",7,https://drive.google.com/file/d/10BwVLRbV2SgIk33kUEve4dpejMBe7USL/view,Consumer_Affairs_and_Sovereignty__Sem-VII__UPC-2413090022__QP-10565.pdf,UPC: 2413090022 | QP: 10565 | Type: DSE
B.Com. Programme,International Finance,2023-2024,"I,III,V,VII",7,https://drive.google.com/file/d/1r9aH60ICFFURDCqbBkLoCLlz1d4o5FwP/view,International_Finance__Sem-VII__UPC-2413090017__QP-10560.pdf,UPC: 2413090017 | QP: 10560
B.Com. Programme,Retail Management,2023-2024,"II,IV,VI,VIII",8,https://drive.google.com/file/d/1AjrpkKnnVfoT60iFNdHXkD_iywu9ome4/view,Retail_Management__Sem-VIII__UPC-2413090019__QP-10562.pdf,UPC: 2413090019 | QP: 10562
